timestamp, utilization.gpu [%], memory.used [MiB]
2022/01/04 15:44:45.924, 0 %, 0 MiB
2022/01/04 15:44:46.938, 0 %, 0 MiB
2022/01/04 15:44:47.951, 0 %, 0 MiB
2022/01/04 15:44:49.020, 0 %, 0 MiB
2022/01/04 15:44:50.033, 0 %, 0 MiB
2022/01/04 15:44:51.046, 0 %, 0 MiB
2022/01/04 15:44:52.059, 0 %, 0 MiB
2022/01/04 15:44:53.072, 0 %, 0 MiB
2022/01/04 15:44:54.085, 0 %, 0 MiB
2022/01/04 15:44:55.098, 0 %, 0 MiB
2022/01/04 15:44:56.110, 0 %, 0 MiB
2022/01/04 15:44:57.123, 0 %, 0 MiB
2022/01/04 15:44:58.136, 0 %, 0 MiB
2022/01/04 15:44:59.149, 0 %, 0 MiB
2022/01/04 15:45:00.162, 0 %, 0 MiB
2022/01/04 15:45:01.175, 0 %, 0 MiB
2022/01/04 15:45:02.188, 0 %, 0 MiB
2022/01/04 15:45:03.200, 0 %, 0 MiB
2022/01/04 15:45:04.213, 0 %, 0 MiB
2022/01/04 15:45:05.226, 0 %, 0 MiB
2022/01/04 15:45:06.239, 0 %, 0 MiB
2022/01/04 15:45:07.252, 0 %, 0 MiB
2022/01/04 15:45:08.264, 0 %, 0 MiB
2022/01/04 15:45:09.277, 0 %, 0 MiB
2022/01/04 15:45:10.290, 0 %, 0 MiB
2022/01/04 15:45:11.302, 0 %, 0 MiB
2022/01/04 15:45:12.315, 0 %, 0 MiB
2022/01/04 15:45:13.328, 0 %, 0 MiB
2022/01/04 15:45:14.341, 0 %, 0 MiB
2022/01/04 15:45:15.354, 0 %, 0 MiB
2022/01/04 15:45:16.367, 0 %, 0 MiB
2022/01/04 15:45:17.380, 0 %, 0 MiB
2022/01/04 15:45:18.393, 0 %, 0 MiB
2022/01/04 15:45:19.407, 0 %, 0 MiB
2022/01/04 15:45:20.419, 0 %, 0 MiB
2022/01/04 15:45:21.434, 0 %, 0 MiB
2022/01/04 15:45:22.447, 0 %, 0 MiB
2022/01/04 15:45:23.460, 0 %, 0 MiB
2022/01/04 15:45:24.473, 0 %, 0 MiB
2022/01/04 15:45:25.485, 0 %, 0 MiB
2022/01/04 15:45:26.503, 0 %, 0 MiB
2022/01/04 15:45:27.516, 0 %, 0 MiB
2022/01/04 15:45:28.529, 0 %, 0 MiB
2022/01/04 15:45:29.542, 0 %, 0 MiB
2022/01/04 15:45:30.555, 0 %, 0 MiB
2022/01/04 15:45:31.568, 0 %, 0 MiB
2022/01/04 15:45:32.581, 0 %, 0 MiB
2022/01/04 15:45:33.594, 0 %, 0 MiB
2022/01/04 15:45:34.607, 0 %, 0 MiB
2022/01/04 15:45:35.620, 0 %, 0 MiB
2022/01/04 15:45:36.668, 0 %, 0 MiB
2022/01/04 15:45:37.681, 0 %, 0 MiB
2022/01/04 15:45:38.699, 0 %, 0 MiB
2022/01/04 15:45:39.841, 0 %, 0 MiB
2022/01/04 15:45:40.854, 0 %, 0 MiB
2022/01/04 15:45:41.867, 0 %, 0 MiB
2022/01/04 15:45:42.882, 0 %, 0 MiB
2022/01/04 15:45:43.895, 0 %, 0 MiB
2022/01/04 15:45:44.908, 0 %, 0 MiB
2022/01/04 15:45:45.921, 0 %, 0 MiB
2022/01/04 15:45:46.934, 0 %, 0 MiB
2022/01/04 15:45:47.946, 0 %, 0 MiB
2022/01/04 15:45:48.959, 0 %, 0 MiB
2022/01/04 15:45:49.972, 0 %, 0 MiB
2022/01/04 15:45:50.985, 0 %, 0 MiB
2022/01/04 15:45:51.998, 0 %, 0 MiB
2022/01/04 15:45:53.012, 0 %, 0 MiB
2022/01/04 15:45:54.024, 0 %, 0 MiB
2022/01/04 15:45:55.038, 0 %, 0 MiB
2022/01/04 15:45:56.051, 0 %, 0 MiB
2022/01/04 15:45:57.064, 0 %, 504 MiB
2022/01/04 15:45:58.077, 5 %, 1012 MiB
2022/01/04 15:45:59.090, 6 %, 1502 MiB
2022/01/04 15:46:00.103, 3 %, 1876 MiB
2022/01/04 15:46:01.116, 5 %, 1876 MiB
2022/01/04 15:46:02.129, 5 %, 1876 MiB
2022/01/04 15:46:03.142, 5 %, 1876 MiB
2022/01/04 15:46:04.154, 5 %, 1876 MiB
2022/01/04 15:46:05.168, 5 %, 1876 MiB
2022/01/04 15:46:06.180, 5 %, 1876 MiB
2022/01/04 15:46:07.193, 5 %, 1876 MiB
2022/01/04 15:46:08.206, 5 %, 1876 MiB
2022/01/04 15:46:09.219, 5 %, 1876 MiB
2022/01/04 15:46:10.232, 5 %, 1876 MiB
2022/01/04 15:46:11.245, 0 %, 0 MiB
2022/01/04 15:46:12.295, 0 %, 0 MiB
2022/01/04 15:46:13.309, 0 %, 0 MiB
2022/01/04 15:46:14.325, 0 %, 24 MiB
2022/01/04 15:46:15.339, 7 %, 984 MiB
2022/01/04 15:46:16.353, 4 %, 1478 MiB
2022/01/04 15:46:17.366, 3 %, 1876 MiB
2022/01/04 15:46:18.379, 5 %, 1876 MiB
2022/01/04 15:46:19.392, 5 %, 1876 MiB
2022/01/04 15:46:20.406, 5 %, 1876 MiB
2022/01/04 15:46:21.419, 5 %, 1876 MiB
2022/01/04 15:46:22.432, 5 %, 1876 MiB
2022/01/04 15:46:23.445, 5 %, 1876 MiB
2022/01/04 15:46:24.458, 5 %, 1876 MiB
2022/01/04 15:46:25.471, 5 %, 1876 MiB
2022/01/04 15:46:26.484, 5 %, 1876 MiB
2022/01/04 15:46:27.497, 5 %, 1876 MiB
2022/01/04 15:46:28.510, 3 %, 0 MiB
2022/01/04 15:46:29.523, 0 %, 0 MiB
2022/01/04 15:46:30.536, 6 %, 862 MiB
2022/01/04 15:46:31.549, 5 %, 1340 MiB
2022/01/04 15:46:32.563, 3 %, 1868 MiB
2022/01/04 15:46:33.578, 5 %, 1876 MiB
2022/01/04 15:46:34.592, 5 %, 1876 MiB
2022/01/04 15:46:35.606, 5 %, 1876 MiB
2022/01/04 15:46:36.619, 5 %, 1876 MiB
2022/01/04 15:46:37.632, 5 %, 1876 MiB
2022/01/04 15:46:38.645, 5 %, 1876 MiB
2022/01/04 15:46:39.658, 5 %, 1876 MiB
2022/01/04 15:46:40.671, 5 %, 1876 MiB
2022/01/04 15:46:41.684, 5 %, 1876 MiB
2022/01/04 15:46:42.696, 5 %, 1876 MiB
2022/01/04 15:46:43.710, 0 %, 0 MiB
2022/01/04 15:46:44.723, 0 %, 0 MiB
2022/01/04 15:46:45.736, 5 %, 834 MiB
2022/01/04 15:46:46.750, 5 %, 1380 MiB
2022/01/04 15:46:47.764, 5 %, 1854 MiB
2022/01/04 15:46:48.777, 5 %, 1876 MiB
2022/01/04 15:46:49.791, 5 %, 1876 MiB
2022/01/04 15:46:50.804, 5 %, 1876 MiB
2022/01/04 15:46:51.818, 5 %, 1876 MiB
2022/01/04 15:46:52.830, 5 %, 1876 MiB
2022/01/04 15:46:53.843, 5 %, 1876 MiB
2022/01/04 15:46:54.856, 5 %, 1876 MiB
2022/01/04 15:46:55.869, 5 %, 1876 MiB
2022/01/04 15:46:56.883, 5 %, 1876 MiB
2022/01/04 15:46:57.895, 5 %, 1876 MiB
2022/01/04 15:46:58.908, 49 %, 0 MiB
2022/01/04 15:46:59.921, 0 %, 0 MiB
2022/01/04 15:47:00.934, 5 %, 766 MiB
2022/01/04 15:47:01.948, 6 %, 1272 MiB
2022/01/04 15:47:02.961, 4 %, 1738 MiB
2022/01/04 15:47:03.972, 5 %, 1876 MiB
2022/01/04 15:47:04.984, 5 %, 1876 MiB
2022/01/04 15:47:05.995, 5 %, 1876 MiB
2022/01/04 15:47:07.007, 4 %, 1876 MiB
2022/01/04 15:47:08.019, 5 %, 1876 MiB
2022/01/04 15:47:09.032, 5 %, 1876 MiB
2022/01/04 15:47:10.045, 5 %, 1876 MiB
2022/01/04 15:47:11.057, 5 %, 1876 MiB
2022/01/04 15:47:12.070, 5 %, 1876 MiB
2022/01/04 15:47:13.083, 5 %, 1876 MiB
2022/01/04 15:47:14.097, 0 %, 1868 MiB
2022/01/04 15:47:15.110, 0 %, 0 MiB
2022/01/04 15:47:16.123, 3 %, 542 MiB
2022/01/04 15:47:17.136, 5 %, 1086 MiB
2022/01/04 15:47:18.149, 5 %, 1568 MiB
2022/01/04 15:47:19.162, 5 %, 1876 MiB
2022/01/04 15:47:20.175, 5 %, 1876 MiB
2022/01/04 15:47:21.187, 5 %, 1876 MiB
2022/01/04 15:47:22.200, 5 %, 1876 MiB
2022/01/04 15:47:23.212, 5 %, 1876 MiB
2022/01/04 15:47:24.257, 5 %, 1876 MiB
2022/01/04 15:47:25.282, 5 %, 1876 MiB
2022/01/04 15:47:26.297, 5 %, 1876 MiB
2022/01/04 15:47:27.310, 5 %, 1876 MiB
2022/01/04 15:47:28.323, 5 %, 1876 MiB
2022/01/04 15:47:29.336, 4 %, 1868 MiB
2022/01/04 15:47:30.349, 0 %, 0 MiB
2022/01/04 15:47:31.363, 1 %, 74 MiB
2022/01/04 15:47:32.376, 4 %, 968 MiB
2022/01/04 15:47:33.390, 4 %, 1474 MiB
2022/01/04 15:47:34.402, 3 %, 1876 MiB
2022/01/04 15:47:35.414, 5 %, 1876 MiB
2022/01/04 15:47:36.425, 5 %, 1876 MiB
2022/01/04 15:47:37.438, 5 %, 1876 MiB
2022/01/04 15:47:38.450, 5 %, 1876 MiB
2022/01/04 15:47:39.463, 5 %, 1876 MiB
2022/01/04 15:47:40.474, 5 %, 1876 MiB
2022/01/04 15:47:41.487, 5 %, 1876 MiB
2022/01/04 15:47:42.500, 5 %, 1876 MiB
2022/01/04 15:47:43.512, 5 %, 1876 MiB
2022/01/04 15:47:44.526, 5 %, 1876 MiB
2022/01/04 15:47:45.539, 0 %, 0 MiB
2022/01/04 15:47:46.604, 0 %, 0 MiB
2022/01/04 15:47:47.619, 4 %, 720 MiB
2022/01/04 15:47:48.632, 5 %, 1202 MiB
2022/01/04 15:47:49.645, 5 %, 1702 MiB
2022/01/04 15:47:50.658, 5 %, 1876 MiB
2022/01/04 15:47:51.671, 5 %, 1876 MiB
2022/01/04 15:47:52.684, 5 %, 1876 MiB
2022/01/04 15:47:53.697, 5 %, 1876 MiB
2022/01/04 15:47:54.710, 5 %, 1876 MiB
2022/01/04 15:47:55.723, 5 %, 1876 MiB
2022/01/04 15:47:56.735, 5 %, 1876 MiB
2022/01/04 15:47:57.748, 5 %, 1876 MiB
2022/01/04 15:47:58.761, 5 %, 1876 MiB
2022/01/04 15:47:59.774, 5 %, 1876 MiB
2022/01/04 15:48:00.788, 0 %, 1868 MiB
2022/01/04 15:48:01.801, 0 %, 0 MiB
2022/01/04 15:48:02.815, 0 %, 418 MiB
2022/01/04 15:48:03.828, 16 %, 1010 MiB
2022/01/04 15:48:04.841, 5 %, 1492 MiB
2022/01/04 15:48:05.853, 3 %, 1876 MiB
2022/01/04 15:48:06.866, 5 %, 1876 MiB
2022/01/04 15:48:07.879, 5 %, 1876 MiB
2022/01/04 15:48:08.892, 5 %, 1876 MiB
2022/01/04 15:48:09.905, 5 %, 1876 MiB
2022/01/04 15:48:10.918, 5 %, 1876 MiB
2022/01/04 15:48:11.929, 5 %, 1876 MiB
2022/01/04 15:48:12.942, 4 %, 1876 MiB
2022/01/04 15:48:13.955, 5 %, 1876 MiB
2022/01/04 15:48:14.968, 5 %, 1876 MiB
2022/01/04 15:48:15.981, 5 %, 1876 MiB
2022/01/04 15:48:16.994, 48 %, 0 MiB
2022/01/04 15:48:18.007, 0 %, 0 MiB
2022/01/04 15:48:19.020, 5 %, 776 MiB
2022/01/04 15:48:20.033, 4 %, 1254 MiB
2022/01/04 15:48:21.047, 5 %, 1782 MiB
2022/01/04 15:48:22.061, 5 %, 1876 MiB
2022/01/04 15:48:23.074, 5 %, 1876 MiB
2022/01/04 15:48:24.088, 5 %, 1876 MiB
2022/01/04 15:48:25.101, 4 %, 1876 MiB
2022/01/04 15:48:26.114, 5 %, 1876 MiB
2022/01/04 15:48:27.126, 5 %, 1876 MiB
2022/01/04 15:48:28.139, 5 %, 1876 MiB
2022/01/04 15:48:29.153, 5 %, 1876 MiB
2022/01/04 15:48:30.166, 5 %, 1876 MiB
2022/01/04 15:48:31.179, 5 %, 1876 MiB
2022/01/04 15:48:32.192, 0 %, 1868 MiB
2022/01/04 15:48:33.205, 0 %, 0 MiB
2022/01/04 15:48:34.218, 12 %, 598 MiB
2022/01/04 15:48:35.232, 5 %, 1128 MiB
2022/01/04 15:48:36.246, 5 %, 1638 MiB
2022/01/04 15:48:37.258, 5 %, 1876 MiB
2022/01/04 15:48:38.269, 5 %, 1876 MiB
2022/01/04 15:48:39.281, 5 %, 1876 MiB
2022/01/04 15:48:40.294, 5 %, 1876 MiB
2022/01/04 15:48:41.307, 5 %, 1876 MiB
2022/01/04 15:48:42.320, 5 %, 1876 MiB
2022/01/04 15:48:43.333, 5 %, 1876 MiB
2022/01/04 15:48:44.346, 5 %, 1876 MiB
2022/01/04 15:48:45.359, 5 %, 1876 MiB
2022/01/04 15:48:46.371, 5 %, 1876 MiB
2022/01/04 15:48:47.385, 5 %, 1876 MiB
2022/01/04 15:48:48.399, 22 %, 0 MiB
2022/01/04 15:48:49.412, 0 %, 0 MiB
2022/01/04 15:48:50.426, 5 %, 818 MiB
2022/01/04 15:48:51.439, 7 %, 1322 MiB
2022/01/04 15:48:52.453, 5 %, 1822 MiB
2022/01/04 15:48:53.466, 5 %, 1876 MiB
2022/01/04 15:48:54.480, 5 %, 1876 MiB
2022/01/04 15:48:55.495, 5 %, 1876 MiB
2022/01/04 15:48:56.508, 5 %, 1876 MiB
2022/01/04 15:48:57.522, 5 %, 1876 MiB
2022/01/04 15:48:58.534, 5 %, 1876 MiB
2022/01/04 15:48:59.548, 5 %, 1876 MiB
2022/01/04 15:49:00.561, 5 %, 1876 MiB
2022/01/04 15:49:01.574, 5 %, 1876 MiB
2022/01/04 15:49:02.586, 5 %, 1876 MiB
2022/01/04 15:49:03.715, 32 %, 0 MiB
2022/01/04 15:49:04.729, 0 %, 0 MiB
2022/01/04 15:49:05.743, 5 %, 764 MiB
2022/01/04 15:49:06.759, 4 %, 1272 MiB
2022/01/04 15:49:07.772, 4 %, 1728 MiB
2022/01/04 15:49:08.785, 5 %, 1876 MiB
2022/01/04 15:49:09.796, 5 %, 1876 MiB
2022/01/04 15:49:10.809, 5 %, 1876 MiB
2022/01/04 15:49:11.822, 5 %, 1876 MiB
2022/01/04 15:49:12.835, 5 %, 1876 MiB
2022/01/04 15:49:13.847, 5 %, 1876 MiB
2022/01/04 15:49:14.860, 5 %, 1876 MiB
2022/01/04 15:49:15.872, 5 %, 1876 MiB
2022/01/04 15:49:16.885, 5 %, 1876 MiB
2022/01/04 15:49:17.898, 5 %, 1876 MiB
2022/01/04 15:49:18.911, 2 %, 1868 MiB
2022/01/04 15:49:19.924, 0 %, 0 MiB
2022/01/04 15:49:20.937, 0 %, 0 MiB
2022/01/04 15:49:21.951, 5 %, 880 MiB
2022/01/04 15:49:22.964, 4 %, 1356 MiB
2022/01/04 15:49:23.977, 4 %, 1854 MiB
2022/01/04 15:49:24.990, 5 %, 1876 MiB
2022/01/04 15:49:26.003, 5 %, 1876 MiB
2022/01/04 15:49:27.016, 5 %, 1876 MiB
2022/01/04 15:49:28.029, 5 %, 1876 MiB
2022/01/04 15:49:29.041, 5 %, 1876 MiB
2022/01/04 15:49:30.054, 5 %, 1876 MiB
2022/01/04 15:49:31.067, 5 %, 1876 MiB
2022/01/04 15:49:32.080, 5 %, 1876 MiB
2022/01/04 15:49:33.093, 5 %, 1876 MiB
2022/01/04 15:49:34.106, 5 %, 1876 MiB
2022/01/04 15:49:35.119, 48 %, 0 MiB
2022/01/04 15:49:36.133, 0 %, 0 MiB
2022/01/04 15:49:37.146, 6 %, 800 MiB
2022/01/04 15:49:38.159, 4 %, 1300 MiB
2022/01/04 15:49:39.172, 4 %, 1806 MiB
2022/01/04 15:49:40.185, 5 %, 1876 MiB
2022/01/04 15:49:41.199, 5 %, 1876 MiB
2022/01/04 15:49:42.212, 5 %, 1876 MiB
2022/01/04 15:49:43.225, 4 %, 1876 MiB
2022/01/04 15:49:44.238, 5 %, 1876 MiB
2022/01/04 15:49:45.251, 5 %, 1876 MiB
2022/01/04 15:49:46.264, 5 %, 1876 MiB
2022/01/04 15:49:47.278, 5 %, 1876 MiB
2022/01/04 15:49:48.291, 5 %, 1876 MiB
2022/01/04 15:49:49.305, 5 %, 1876 MiB
2022/01/04 15:49:50.319, 13 %, 0 MiB
2022/01/04 15:49:51.333, 0 %, 0 MiB
2022/01/04 15:49:52.346, 5 %, 656 MiB
2022/01/04 15:49:53.359, 14 %, 1186 MiB
2022/01/04 15:49:54.373, 4 %, 1670 MiB
2022/01/04 15:49:55.386, 5 %, 1876 MiB
2022/01/04 15:49:56.399, 5 %, 1876 MiB
2022/01/04 15:49:57.412, 5 %, 1876 MiB
2022/01/04 15:49:58.425, 4 %, 1876 MiB
2022/01/04 15:49:59.439, 5 %, 1876 MiB
2022/01/04 15:50:00.452, 5 %, 1876 MiB
2022/01/04 15:50:01.465, 5 %, 1876 MiB
2022/01/04 15:50:02.478, 5 %, 1876 MiB
2022/01/04 15:50:03.491, 5 %, 1876 MiB
2022/01/04 15:50:04.504, 5 %, 1876 MiB
2022/01/04 15:50:05.517, 0 %, 1868 MiB
2022/01/04 15:50:06.531, 0 %, 0 MiB
2022/01/04 15:50:07.545, 6 %, 596 MiB
2022/01/04 15:50:08.558, 7 %, 1100 MiB
2022/01/04 15:50:09.571, 4 %, 1612 MiB
2022/01/04 15:50:10.584, 5 %, 1876 MiB
2022/01/04 15:50:11.597, 5 %, 1876 MiB
2022/01/04 15:50:12.610, 5 %, 1876 MiB
2022/01/04 15:50:13.624, 5 %, 1876 MiB
2022/01/04 15:50:14.637, 5 %, 1876 MiB
2022/01/04 15:50:15.650, 5 %, 1876 MiB
2022/01/04 15:50:16.663, 5 %, 1876 MiB
2022/01/04 15:50:17.676, 5 %, 1876 MiB
2022/01/04 15:50:18.689, 5 %, 1876 MiB
2022/01/04 15:50:19.702, 5 %, 1876 MiB
2022/01/04 15:50:20.715, 4 %, 1868 MiB
2022/01/04 15:50:21.728, 0 %, 0 MiB
2022/01/04 15:50:22.742, 0 %, 0 MiB
2022/01/04 15:50:23.756, 0 %, 15 MiB
2022/01/04 15:50:24.770, 5 %, 978 MiB
2022/01/04 15:50:25.783, 5 %, 1478 MiB
2022/01/04 15:50:26.797, 3 %, 1876 MiB
2022/01/04 15:50:27.810, 5 %, 1876 MiB
2022/01/04 15:50:28.823, 5 %, 1876 MiB
2022/01/04 15:50:29.836, 5 %, 1876 MiB
2022/01/04 15:50:30.849, 5 %, 1876 MiB
2022/01/04 15:50:31.862, 5 %, 1876 MiB
2022/01/04 15:50:32.875, 5 %, 1876 MiB
2022/01/04 15:50:33.888, 5 %, 1876 MiB
2022/01/04 15:50:34.901, 5 %, 1876 MiB
2022/01/04 15:50:35.915, 5 %, 1876 MiB
2022/01/04 15:50:36.928, 5 %, 1876 MiB
2022/01/04 15:50:37.942, 24 %, 0 MiB
2022/01/04 15:50:38.955, 0 %, 0 MiB
2022/01/04 15:50:39.969, 5 %, 798 MiB
2022/01/04 15:50:40.982, 5 %, 1310 MiB
2022/01/04 15:50:41.996, 4 %, 1792 MiB
2022/01/04 15:50:43.010, 5 %, 1876 MiB
2022/01/04 15:50:44.023, 5 %, 1876 MiB
2022/01/04 15:50:45.036, 5 %, 1876 MiB
2022/01/04 15:50:46.050, 4 %, 1876 MiB
2022/01/04 15:50:47.063, 5 %, 1876 MiB
2022/01/04 15:50:48.076, 5 %, 1876 MiB
2022/01/04 15:50:49.090, 5 %, 1876 MiB
2022/01/04 15:50:50.103, 5 %, 1876 MiB
2022/01/04 15:50:51.115, 5 %, 1876 MiB
2022/01/04 15:50:52.130, 5 %, 1876 MiB
2022/01/04 15:50:53.145, 2 %, 1868 MiB
2022/01/04 15:50:54.158, 0 %, 0 MiB
2022/01/04 15:50:55.175, 0 %, 17 MiB
2022/01/04 15:50:56.189, 5 %, 960 MiB
2022/01/04 15:50:57.202, 5 %, 1468 MiB
2022/01/04 15:50:58.216, 4 %, 1876 MiB
2022/01/04 15:50:59.230, 5 %, 1876 MiB
2022/01/04 15:51:00.243, 5 %, 1876 MiB
2022/01/04 15:51:01.256, 5 %, 1876 MiB
2022/01/04 15:51:02.269, 5 %, 1876 MiB
2022/01/04 15:51:03.283, 5 %, 1876 MiB
2022/01/04 15:51:04.296, 5 %, 1876 MiB
2022/01/04 15:51:05.309, 5 %, 1876 MiB
2022/01/04 15:51:06.322, 5 %, 1876 MiB
2022/01/04 15:51:07.335, 5 %, 1876 MiB
2022/01/04 15:51:08.348, 5 %, 1876 MiB
2022/01/04 15:51:09.361, 20 %, 0 MiB
2022/01/04 15:51:10.374, 0 %, 0 MiB
2022/01/04 15:51:11.387, 4 %, 896 MiB
2022/01/04 15:51:12.400, 5 %, 1372 MiB
2022/01/04 15:51:13.413, 14 %, 1876 MiB
2022/01/04 15:51:14.426, 5 %, 1876 MiB
2022/01/04 15:51:15.439, 5 %, 1876 MiB
2022/01/04 15:51:16.453, 5 %, 1876 MiB
2022/01/04 15:51:17.466, 5 %, 1876 MiB
2022/01/04 15:51:18.479, 5 %, 1876 MiB
2022/01/04 15:51:19.491, 5 %, 1876 MiB
2022/01/04 15:51:20.504, 5 %, 1876 MiB
2022/01/04 15:51:21.517, 5 %, 1876 MiB
2022/01/04 15:51:22.530, 5 %, 1876 MiB
2022/01/04 15:51:23.543, 5 %, 1876 MiB
2022/01/04 15:51:24.556, 45 %, 0 MiB
2022/01/04 15:51:25.569, 0 %, 0 MiB
2022/01/04 15:51:26.583, 5 %, 736 MiB
2022/01/04 15:51:27.596, 4 %, 1270 MiB
2022/01/04 15:51:28.609, 5 %, 1756 MiB
2022/01/04 15:51:29.623, 5 %, 1876 MiB
2022/01/04 15:51:30.636, 5 %, 1876 MiB
2022/01/04 15:51:31.649, 5 %, 1876 MiB
2022/01/04 15:51:32.663, 4 %, 1876 MiB
2022/01/04 15:51:33.676, 5 %, 1876 MiB
2022/01/04 15:51:34.689, 5 %, 1876 MiB
2022/01/04 15:51:35.702, 5 %, 1876 MiB
2022/01/04 15:51:36.717, 5 %, 1876 MiB
2022/01/04 15:51:37.730, 5 %, 1876 MiB
2022/01/04 15:51:38.743, 5 %, 1876 MiB
2022/01/04 15:51:39.756, 3 %, 1868 MiB
2022/01/04 15:51:40.770, 0 %, 0 MiB
2022/01/04 15:51:41.782, 2 %, 552 MiB
2022/01/04 15:51:42.796, 5 %, 1032 MiB
2022/01/04 15:51:43.809, 6 %, 1540 MiB
2022/01/04 15:51:44.822, 5 %, 1876 MiB
2022/01/04 15:51:45.836, 5 %, 1876 MiB
2022/01/04 15:51:46.849, 5 %, 1876 MiB
2022/01/04 15:51:47.862, 5 %, 1876 MiB
2022/01/04 15:51:48.875, 5 %, 1876 MiB
2022/01/04 15:51:49.888, 5 %, 1876 MiB
2022/01/04 15:51:50.902, 5 %, 1876 MiB
2022/01/04 15:51:51.915, 5 %, 1876 MiB
2022/01/04 15:51:52.928, 5 %, 1876 MiB
2022/01/04 15:51:53.941, 5 %, 1876 MiB
2022/01/04 15:51:54.954, 3 %, 1868 MiB
2022/01/04 15:51:55.968, 0 %, 0 MiB
2022/01/04 15:51:56.981, 0 %, 74 MiB
2022/01/04 15:51:57.994, 4 %, 974 MiB
2022/01/04 15:51:59.007, 4 %, 1508 MiB
2022/01/04 15:52:00.021, 4 %, 1876 MiB
2022/01/04 15:52:01.034, 5 %, 1876 MiB
2022/01/04 15:52:02.047, 5 %, 1876 MiB
2022/01/04 15:52:03.061, 5 %, 1876 MiB
2022/01/04 15:52:04.074, 5 %, 1876 MiB
2022/01/04 15:52:05.087, 5 %, 1876 MiB
2022/01/04 15:52:06.101, 5 %, 1876 MiB
2022/01/04 15:52:07.114, 5 %, 1876 MiB
2022/01/04 15:52:08.127, 5 %, 1876 MiB
2022/01/04 15:52:09.140, 5 %, 1876 MiB
2022/01/04 15:52:10.153, 5 %, 1876 MiB
2022/01/04 15:52:11.166, 0 %, 0 MiB
2022/01/04 15:52:12.180, 0 %, 0 MiB
2022/01/04 15:52:13.194, 5 %, 866 MiB
2022/01/04 15:52:14.207, 5 %, 1372 MiB
2022/01/04 15:52:15.221, 5 %, 1876 MiB
2022/01/04 15:52:16.234, 5 %, 1876 MiB
2022/01/04 15:52:17.247, 5 %, 1876 MiB
2022/01/04 15:52:18.260, 5 %, 1876 MiB
2022/01/04 15:52:19.274, 5 %, 1876 MiB
2022/01/04 15:52:20.287, 5 %, 1876 MiB
2022/01/04 15:52:21.302, 5 %, 1876 MiB
2022/01/04 15:52:22.315, 5 %, 1876 MiB
2022/01/04 15:52:23.329, 5 %, 1876 MiB
2022/01/04 15:52:24.342, 5 %, 1876 MiB
2022/01/04 15:52:25.355, 5 %, 1876 MiB
2022/01/04 15:52:26.370, 0 %, 0 MiB
2022/01/04 15:52:27.383, 0 %, 0 MiB
2022/01/04 15:52:28.397, 4 %, 758 MiB
2022/01/04 15:52:29.410, 5 %, 1262 MiB
2022/01/04 15:52:30.424, 5 %, 1784 MiB
2022/01/04 15:52:31.437, 5 %, 1876 MiB
2022/01/04 15:52:32.450, 5 %, 1876 MiB
2022/01/04 15:52:33.463, 5 %, 1876 MiB
2022/01/04 15:52:34.476, 5 %, 1876 MiB
2022/01/04 15:52:35.490, 5 %, 1876 MiB
2022/01/04 15:52:36.504, 5 %, 1876 MiB
2022/01/04 15:52:37.517, 5 %, 1876 MiB
2022/01/04 15:52:38.529, 5 %, 1876 MiB
2022/01/04 15:52:39.543, 5 %, 1876 MiB
2022/01/04 15:52:40.556, 5 %, 1876 MiB
2022/01/04 15:52:41.569, 0 %, 0 MiB
2022/01/04 15:52:42.582, 0 %, 0 MiB
2022/01/04 15:52:43.595, 10 %, 664 MiB
2022/01/04 15:52:44.609, 5 %, 1140 MiB
2022/01/04 15:52:45.622, 5 %, 1670 MiB
2022/01/04 15:52:46.636, 5 %, 1876 MiB
2022/01/04 15:52:47.649, 5 %, 1876 MiB
2022/01/04 15:52:48.662, 5 %, 1876 MiB
2022/01/04 15:52:49.675, 5 %, 1876 MiB
2022/01/04 15:52:50.688, 5 %, 1876 MiB
2022/01/04 15:52:51.701, 5 %, 1876 MiB
2022/01/04 15:52:52.714, 5 %, 1876 MiB
2022/01/04 15:52:53.728, 5 %, 1876 MiB
2022/01/04 15:52:54.741, 5 %, 1876 MiB
2022/01/04 15:52:55.754, 5 %, 1876 MiB
2022/01/04 15:52:56.767, 0 %, 1868 MiB
2022/01/04 15:52:57.780, 0 %, 0 MiB
2022/01/04 15:52:58.794, 12 %, 558 MiB
2022/01/04 15:52:59.807, 4 %, 1074 MiB
2022/01/04 15:53:00.820, 2 %, 1584 MiB
2022/01/04 15:53:01.834, 5 %, 1876 MiB
2022/01/04 15:53:02.847, 5 %, 1876 MiB
2022/01/04 15:53:03.860, 5 %, 1876 MiB
2022/01/04 15:53:04.873, 5 %, 1876 MiB
2022/01/04 15:53:05.886, 5 %, 1876 MiB
2022/01/04 15:53:06.900, 5 %, 1876 MiB
2022/01/04 15:53:07.914, 5 %, 1876 MiB
2022/01/04 15:53:08.927, 5 %, 1876 MiB
2022/01/04 15:53:09.940, 5 %, 1876 MiB
2022/01/04 15:53:10.954, 5 %, 1876 MiB
2022/01/04 15:53:11.967, 0 %, 1868 MiB
2022/01/04 15:53:12.980, 0 %, 0 MiB
2022/01/04 15:53:13.994, 14 %, 602 MiB
2022/01/04 15:53:15.008, 6 %, 1130 MiB
2022/01/04 15:53:16.021, 5 %, 1642 MiB
2022/01/04 15:53:17.035, 5 %, 1876 MiB
2022/01/04 15:53:18.048, 5 %, 1876 MiB
2022/01/04 15:53:19.061, 5 %, 1876 MiB
2022/01/04 15:53:20.074, 5 %, 1876 MiB
2022/01/04 15:53:21.088, 5 %, 1876 MiB
2022/01/04 15:53:22.101, 5 %, 1876 MiB
2022/01/04 15:53:23.114, 5 %, 1876 MiB
2022/01/04 15:53:24.127, 5 %, 1876 MiB
2022/01/04 15:53:25.140, 5 %, 1876 MiB
2022/01/04 15:53:26.153, 5 %, 1876 MiB
2022/01/04 15:53:27.166, 5 %, 1876 MiB
2022/01/04 15:53:28.258, 0 %, 0 MiB
2022/01/04 15:53:29.278, 0 %, 3 MiB
2022/01/04 15:53:30.291, 4 %, 974 MiB
2022/01/04 15:53:31.304, 4 %, 1482 MiB
2022/01/04 15:53:32.319, 3 %, 1876 MiB
2022/01/04 15:53:33.332, 5 %, 1876 MiB
2022/01/04 15:53:34.345, 5 %, 1876 MiB
2022/01/04 15:53:35.359, 5 %, 1876 MiB
2022/01/04 15:53:36.372, 5 %, 1876 MiB
2022/01/04 15:53:37.385, 5 %, 1876 MiB
2022/01/04 15:53:38.398, 5 %, 1876 MiB
2022/01/04 15:53:39.411, 5 %, 1876 MiB
2022/01/04 15:53:40.425, 5 %, 1876 MiB
2022/01/04 15:53:41.438, 5 %, 1876 MiB
2022/01/04 15:53:42.451, 5 %, 1876 MiB
2022/01/04 15:53:43.465, 49 %, 0 MiB
2022/01/04 15:53:44.479, 0 %, 0 MiB
2022/01/04 15:53:45.492, 4 %, 788 MiB
2022/01/04 15:53:46.506, 4 %, 1284 MiB
2022/01/04 15:53:47.519, 8 %, 1812 MiB
2022/01/04 15:53:48.532, 5 %, 1876 MiB
2022/01/04 15:53:49.546, 5 %, 1876 MiB
2022/01/04 15:53:50.559, 5 %, 1876 MiB
2022/01/04 15:53:51.572, 4 %, 1876 MiB
2022/01/04 15:53:52.585, 5 %, 1876 MiB
2022/01/04 15:53:53.599, 5 %, 1876 MiB
2022/01/04 15:53:54.612, 5 %, 1876 MiB
2022/01/04 15:53:55.625, 5 %, 1876 MiB
2022/01/04 15:53:56.638, 5 %, 1876 MiB
2022/01/04 15:53:57.650, 5 %, 1876 MiB
2022/01/04 15:53:58.664, 0 %, 0 MiB
2022/01/04 15:53:59.677, 0 %, 0 MiB
2022/01/04 15:54:00.691, 11 %, 614 MiB
2022/01/04 15:54:01.704, 4 %, 1128 MiB
2022/01/04 15:54:02.717, 5 %, 1664 MiB
2022/01/04 15:54:03.731, 5 %, 1876 MiB
2022/01/04 15:54:04.744, 5 %, 1876 MiB
2022/01/04 15:54:05.758, 5 %, 1876 MiB
2022/01/04 15:54:06.791, 5 %, 1876 MiB
2022/01/04 15:54:07.804, 5 %, 1876 MiB
2022/01/04 15:54:08.817, 5 %, 1876 MiB
2022/01/04 15:54:09.830, 5 %, 1876 MiB
2022/01/04 15:54:10.843, 5 %, 1876 MiB
2022/01/04 15:54:11.856, 5 %, 1876 MiB
2022/01/04 15:54:12.869, 5 %, 1876 MiB
2022/01/04 15:54:13.882, 4 %, 1868 MiB
2022/01/04 15:54:14.970, 0 %, 0 MiB
2022/01/04 15:54:15.983, 13 %, 604 MiB
2022/01/04 15:54:16.997, 5 %, 1106 MiB
2022/01/04 15:54:18.010, 4 %, 1608 MiB
2022/01/04 15:54:19.024, 5 %, 1876 MiB
2022/01/04 15:54:20.037, 5 %, 1876 MiB
2022/01/04 15:54:21.050, 5 %, 1876 MiB
2022/01/04 15:54:22.063, 5 %, 1876 MiB
2022/01/04 15:54:23.076, 5 %, 1876 MiB
2022/01/04 15:54:24.090, 5 %, 1876 MiB
2022/01/04 15:54:25.103, 5 %, 1876 MiB
2022/01/04 15:54:26.116, 5 %, 1876 MiB
2022/01/04 15:54:27.129, 5 %, 1876 MiB
2022/01/04 15:54:28.142, 5 %, 1876 MiB
2022/01/04 15:54:29.155, 5 %, 1868 MiB
2022/01/04 15:54:30.169, 0 %, 0 MiB
2022/01/04 15:54:31.183, 0 %, 0 MiB
2022/01/04 15:54:32.201, 0 %, 0 MiB
2022/01/04 15:54:33.215, 5 %, 954 MiB
2022/01/04 15:54:34.229, 4 %, 1446 MiB
2022/01/04 15:54:35.241, 3 %, 1876 MiB
2022/01/04 15:54:36.255, 5 %, 1876 MiB
2022/01/04 15:54:37.267, 5 %, 1876 MiB
2022/01/04 15:54:38.281, 5 %, 1876 MiB
2022/01/04 15:54:39.294, 5 %, 1876 MiB
2022/01/04 15:54:40.307, 5 %, 1876 MiB
2022/01/04 15:54:41.321, 5 %, 1876 MiB
2022/01/04 15:54:42.334, 5 %, 1876 MiB
2022/01/04 15:54:43.347, 5 %, 1876 MiB
2022/01/04 15:54:44.360, 5 %, 1876 MiB
2022/01/04 15:54:45.373, 5 %, 1876 MiB
2022/01/04 15:54:46.386, 0 %, 0 MiB
2022/01/04 15:54:47.399, 0 %, 0 MiB
2022/01/04 15:54:48.413, 6 %, 914 MiB
2022/01/04 15:54:49.426, 5 %, 1408 MiB
2022/01/04 15:54:50.439, 3 %, 1876 MiB
2022/01/04 15:54:51.453, 5 %, 1876 MiB
2022/01/04 15:54:52.466, 5 %, 1876 MiB
2022/01/04 15:54:53.479, 5 %, 1876 MiB
2022/01/04 15:54:54.492, 5 %, 1876 MiB
2022/01/04 15:54:55.505, 5 %, 1876 MiB
2022/01/04 15:54:56.519, 5 %, 1876 MiB
2022/01/04 15:54:57.532, 5 %, 1876 MiB
2022/01/04 15:54:58.545, 5 %, 1876 MiB
2022/01/04 15:54:59.558, 5 %, 1876 MiB
2022/01/04 15:55:00.573, 3 %, 1868 MiB
2022/01/04 15:55:01.589, 0 %, 0 MiB
2022/01/04 15:55:02.603, 0 %, 518 MiB
2022/01/04 15:55:03.617, 7 %, 1018 MiB
2022/01/04 15:55:04.630, 4 %, 1534 MiB
2022/01/04 15:55:05.643, 3 %, 1876 MiB
2022/01/04 15:55:06.657, 5 %, 1876 MiB
2022/01/04 15:55:07.670, 5 %, 1876 MiB
2022/01/04 15:55:08.683, 5 %, 1876 MiB
2022/01/04 15:55:09.696, 5 %, 1876 MiB
2022/01/04 15:55:10.709, 5 %, 1876 MiB
2022/01/04 15:55:11.722, 5 %, 1876 MiB
2022/01/04 15:55:12.735, 5 %, 1876 MiB
2022/01/04 15:55:13.748, 5 %, 1876 MiB
2022/01/04 15:55:14.762, 5 %, 1876 MiB
2022/01/04 15:55:15.775, 5 %, 1876 MiB
2022/01/04 15:55:16.788, 0 %, 0 MiB
2022/01/04 15:55:17.801, 0 %, 0 MiB
2022/01/04 15:55:18.815, 6 %, 870 MiB
2022/01/04 15:55:19.829, 15 %, 1416 MiB
2022/01/04 15:55:20.842, 8 %, 1876 MiB
2022/01/04 15:55:21.856, 5 %, 1876 MiB
2022/01/04 15:55:22.869, 5 %, 1876 MiB
2022/01/04 15:55:23.882, 5 %, 1876 MiB
2022/01/04 15:55:24.895, 5 %, 1876 MiB
2022/01/04 15:55:25.909, 5 %, 1876 MiB
2022/01/04 15:55:26.922, 5 %, 1876 MiB
2022/01/04 15:55:27.935, 5 %, 1876 MiB
2022/01/04 15:55:28.948, 5 %, 1876 MiB
2022/01/04 15:55:29.961, 5 %, 1876 MiB
2022/01/04 15:55:30.974, 5 %, 1876 MiB
2022/01/04 15:55:31.988, 7 %, 0 MiB
2022/01/04 15:55:33.001, 0 %, 0 MiB
2022/01/04 15:55:34.014, 13 %, 714 MiB
2022/01/04 15:55:35.028, 5 %, 1226 MiB
2022/01/04 15:55:36.041, 5 %, 1718 MiB
2022/01/04 15:55:37.054, 5 %, 1876 MiB
2022/01/04 15:55:38.067, 5 %, 1876 MiB
2022/01/04 15:55:39.080, 5 %, 1876 MiB
2022/01/04 15:55:40.093, 4 %, 1876 MiB
2022/01/04 15:55:41.107, 5 %, 1876 MiB
2022/01/04 15:55:42.120, 5 %, 1876 MiB
2022/01/04 15:55:43.134, 5 %, 1876 MiB
2022/01/04 15:55:44.146, 5 %, 1876 MiB
2022/01/04 15:55:45.159, 5 %, 1876 MiB
2022/01/04 15:55:46.173, 5 %, 1876 MiB
2022/01/04 15:55:47.186, 0 %, 1868 MiB
2022/01/04 15:55:48.200, 0 %, 0 MiB
2022/01/04 15:55:49.213, 14 %, 604 MiB
2022/01/04 15:55:50.227, 4 %, 1146 MiB
2022/01/04 15:55:51.240, 5 %, 1614 MiB
2022/01/04 15:55:52.253, 5 %, 1876 MiB
2022/01/04 15:55:53.266, 5 %, 1876 MiB
2022/01/04 15:55:54.279, 5 %, 1876 MiB
2022/01/04 15:55:55.292, 5 %, 1876 MiB
2022/01/04 15:55:56.305, 5 %, 1876 MiB
2022/01/04 15:55:57.318, 5 %, 1876 MiB
2022/01/04 15:55:58.331, 5 %, 1876 MiB
2022/01/04 15:55:59.344, 5 %, 1876 MiB
2022/01/04 15:56:00.357, 5 %, 1876 MiB
2022/01/04 15:56:01.370, 5 %, 1876 MiB
2022/01/04 15:56:02.534, 31 %, 0 MiB
2022/01/04 15:56:03.579, 0 %, 0 MiB
2022/01/04 15:56:04.593, 6 %, 694 MiB
2022/01/04 15:56:05.608, 4 %, 1232 MiB
2022/01/04 15:56:06.621, 5 %, 1718 MiB
2022/01/04 15:56:07.633, 5 %, 1876 MiB
2022/01/04 15:56:08.646, 5 %, 1876 MiB
2022/01/04 15:56:09.659, 5 %, 1876 MiB
2022/01/04 15:56:10.673, 5 %, 1876 MiB
2022/01/04 15:56:11.686, 5 %, 1876 MiB
2022/01/04 15:56:12.700, 5 %, 1876 MiB
2022/01/04 15:56:13.712, 5 %, 1876 MiB
2022/01/04 15:56:14.725, 5 %, 1876 MiB
2022/01/04 15:56:15.738, 5 %, 1876 MiB
2022/01/04 15:56:16.751, 5 %, 1876 MiB
2022/01/04 15:56:17.764, 5 %, 1876 MiB
2022/01/04 15:56:18.778, 0 %, 0 MiB
2022/01/04 15:56:19.852, 0 %, 0 MiB
2022/01/04 15:56:20.865, 4 %, 934 MiB
2022/01/04 15:56:21.879, 5 %, 1422 MiB
2022/01/04 15:56:22.892, 4 %, 1876 MiB
2022/01/04 15:56:23.905, 5 %, 1876 MiB
2022/01/04 15:56:24.918, 5 %, 1876 MiB
2022/01/04 15:56:25.931, 5 %, 1876 MiB
2022/01/04 15:56:26.944, 5 %, 1876 MiB
2022/01/04 15:56:27.958, 5 %, 1876 MiB
2022/01/04 15:56:28.971, 5 %, 1876 MiB
2022/01/04 15:56:29.984, 5 %, 1876 MiB
2022/01/04 15:56:30.997, 5 %, 1876 MiB
2022/01/04 15:56:32.011, 5 %, 1876 MiB
2022/01/04 15:56:33.023, 5 %, 1876 MiB
2022/01/04 15:56:34.037, 45 %, 0 MiB
2022/01/04 15:56:35.050, 0 %, 0 MiB
2022/01/04 15:56:36.063, 5 %, 850 MiB
2022/01/04 15:56:37.076, 5 %, 1376 MiB
2022/01/04 15:56:38.089, 4 %, 1812 MiB
2022/01/04 15:56:39.103, 5 %, 1876 MiB
2022/01/04 15:56:40.115, 5 %, 1876 MiB
2022/01/04 15:56:41.128, 5 %, 1876 MiB
2022/01/04 15:56:42.141, 4 %, 1876 MiB
2022/01/04 15:56:43.154, 5 %, 1876 MiB
2022/01/04 15:56:44.168, 5 %, 1876 MiB
2022/01/04 15:56:45.181, 5 %, 1876 MiB
2022/01/04 15:56:46.195, 5 %, 1876 MiB
2022/01/04 15:56:47.209, 5 %, 1876 MiB
2022/01/04 15:56:48.222, 5 %, 1876 MiB
2022/01/04 15:56:49.236, 0 %, 1868 MiB
2022/01/04 15:56:50.250, 0 %, 0 MiB
2022/01/04 15:56:51.263, 9 %, 538 MiB
2022/01/04 15:56:52.277, 5 %, 1016 MiB
2022/01/04 15:56:53.291, 4 %, 1564 MiB
2022/01/04 15:56:54.304, 5 %, 1876 MiB
2022/01/04 15:56:55.318, 5 %, 1876 MiB
2022/01/04 15:56:56.331, 5 %, 1876 MiB
2022/01/04 15:56:57.344, 5 %, 1876 MiB
2022/01/04 15:56:58.357, 5 %, 1876 MiB
2022/01/04 15:56:59.371, 5 %, 1876 MiB
2022/01/04 15:57:00.385, 5 %, 1876 MiB
2022/01/04 15:57:01.398, 5 %, 1876 MiB
2022/01/04 15:57:02.411, 5 %, 1876 MiB
2022/01/04 15:57:03.427, 5 %, 1876 MiB
2022/01/04 15:57:04.441, 5 %, 1868 MiB
2022/01/04 15:57:05.454, 0 %, 0 MiB
2022/01/04 15:57:06.475, 0 %, 0 MiB
2022/01/04 15:57:07.488, 4 %, 932 MiB
2022/01/04 15:57:08.503, 5 %, 1446 MiB
2022/01/04 15:57:09.529, 3 %, 1876 MiB
2022/01/04 15:57:10.542, 5 %, 1876 MiB
2022/01/04 15:57:11.555, 5 %, 1876 MiB
2022/01/04 15:57:12.583, 5 %, 1876 MiB
2022/01/04 15:57:13.596, 5 %, 1876 MiB
2022/01/04 15:57:14.632, 5 %, 1876 MiB
2022/01/04 15:57:15.645, 5 %, 1876 MiB
2022/01/04 15:57:16.677, 5 %, 1876 MiB
2022/01/04 15:57:17.690, 5 %, 1876 MiB
2022/01/04 15:57:18.703, 5 %, 1876 MiB
2022/01/04 15:57:19.716, 5 %, 1876 MiB
2022/01/04 15:57:20.730, 45 %, 0 MiB
2022/01/04 15:57:21.743, 0 %, 0 MiB
2022/01/04 15:57:22.757, 4 %, 790 MiB
2022/01/04 15:57:23.776, 5 %, 1306 MiB
2022/01/04 15:57:24.797, 5 %, 1806 MiB
2022/01/04 15:57:25.823, 5 %, 1876 MiB
2022/01/04 15:57:26.841, 5 %, 1876 MiB
2022/01/04 15:57:27.854, 5 %, 1876 MiB
2022/01/04 15:57:28.867, 5 %, 1876 MiB
2022/01/04 15:57:29.886, 5 %, 1876 MiB
2022/01/04 15:57:30.902, 5 %, 1876 MiB
2022/01/04 15:57:31.916, 5 %, 1876 MiB
2022/01/04 15:57:32.930, 5 %, 1876 MiB
2022/01/04 15:57:33.961, 5 %, 1876 MiB
2022/01/04 15:57:34.982, 5 %, 1876 MiB
2022/01/04 15:57:36.104, 0 %, 0 MiB
2022/01/04 15:57:37.120, 0 %, 0 MiB
2022/01/04 15:57:38.138, 4 %, 796 MiB
2022/01/04 15:57:39.168, 5 %, 1300 MiB
2022/01/04 15:57:40.196, 4 %, 1848 MiB
2022/01/04 15:57:41.211, 5 %, 1876 MiB
2022/01/04 15:57:42.225, 5 %, 1876 MiB
2022/01/04 15:57:43.266, 5 %, 1876 MiB
2022/01/04 15:57:44.307, 5 %, 1876 MiB
2022/01/04 15:57:45.336, 5 %, 1876 MiB
2022/01/04 15:57:46.356, 5 %, 1876 MiB
2022/01/04 15:57:47.382, 5 %, 1876 MiB
2022/01/04 15:57:48.583, 5 %, 1876 MiB
2022/01/04 15:57:49.622, 5 %, 1876 MiB
2022/01/04 15:57:50.635, 5 %, 1876 MiB
2022/01/04 15:57:51.648, 48 %, 0 MiB
2022/01/04 15:57:52.752, 0 %, 0 MiB
2022/01/04 15:57:53.774, 4 %, 788 MiB
2022/01/04 15:57:54.788, 5 %, 1296 MiB
2022/01/04 15:57:55.801, 4 %, 1762 MiB
2022/01/04 15:57:56.820, 5 %, 1876 MiB
2022/01/04 15:57:57.831, 5 %, 1876 MiB
2022/01/04 15:57:58.845, 5 %, 1876 MiB
2022/01/04 15:57:59.879, 5 %, 1876 MiB
2022/01/04 15:58:00.895, 5 %, 1876 MiB
2022/01/04 15:58:01.908, 5 %, 1876 MiB
2022/01/04 15:58:02.920, 5 %, 1876 MiB
2022/01/04 15:58:03.968, 5 %, 1876 MiB
2022/01/04 15:58:05.004, 5 %, 1876 MiB
2022/01/04 15:58:06.019, 5 %, 1876 MiB
2022/01/04 15:58:07.033, 0 %, 1868 MiB
2022/01/04 15:58:08.060, 0 %, 0 MiB
2022/01/04 15:58:09.076, 0 %, 534 MiB
2022/01/04 15:58:10.089, 4 %, 1010 MiB
2022/01/04 15:58:11.107, 16 %, 1566 MiB
2022/01/04 15:58:12.120, 4 %, 1876 MiB
2022/01/04 15:58:13.133, 5 %, 1876 MiB
2022/01/04 15:58:14.152, 5 %, 1876 MiB
2022/01/04 15:58:15.170, 5 %, 1876 MiB
2022/01/04 15:58:16.186, 5 %, 1876 MiB
2022/01/04 15:58:17.199, 5 %, 1876 MiB
2022/01/04 15:58:18.221, 5 %, 1876 MiB
2022/01/04 15:58:19.235, 5 %, 1876 MiB
2022/01/04 15:58:20.248, 5 %, 1876 MiB
2022/01/04 15:58:21.270, 5 %, 1876 MiB
2022/01/04 15:58:22.283, 3 %, 1868 MiB
2022/01/04 15:58:23.296, 0 %, 0 MiB
2022/01/04 15:58:24.317, 1 %, 528 MiB
2022/01/04 15:58:25.331, 5 %, 1050 MiB
2022/01/04 15:58:26.344, 5 %, 1568 MiB
2022/01/04 15:58:27.357, 5 %, 1876 MiB
2022/01/04 15:58:28.370, 5 %, 1876 MiB
2022/01/04 15:58:29.383, 5 %, 1876 MiB
2022/01/04 15:58:30.396, 5 %, 1876 MiB
2022/01/04 15:58:31.409, 5 %, 1876 MiB
2022/01/04 15:58:32.422, 5 %, 1876 MiB
2022/01/04 15:58:33.434, 5 %, 1876 MiB
2022/01/04 15:58:34.447, 5 %, 1876 MiB
2022/01/04 15:58:35.461, 5 %, 1876 MiB
2022/01/04 15:58:36.474, 5 %, 1876 MiB
2022/01/04 15:58:37.488, 5 %, 1876 MiB
2022/01/04 15:58:38.501, 0 %, 0 MiB
2022/01/04 15:58:39.518, 0 %, 0 MiB
2022/01/04 15:58:40.532, 0 %, 0 MiB
2022/01/04 15:58:41.545, 12 %, 888 MiB
2022/01/04 15:58:42.558, 4 %, 1394 MiB
2022/01/04 15:58:43.574, 5 %, 1852 MiB
2022/01/04 15:58:44.596, 5 %, 1876 MiB
2022/01/04 15:58:45.607, 5 %, 1876 MiB
2022/01/04 15:58:46.620, 5 %, 1876 MiB
2022/01/04 15:58:47.633, 5 %, 1876 MiB
2022/01/04 15:58:48.646, 5 %, 1876 MiB
2022/01/04 15:58:49.658, 5 %, 1876 MiB
2022/01/04 15:58:50.671, 5 %, 1876 MiB
2022/01/04 15:58:51.684, 5 %, 1876 MiB
2022/01/04 15:58:52.698, 5 %, 1876 MiB
2022/01/04 15:58:53.711, 5 %, 1876 MiB
2022/01/04 15:58:54.724, 0 %, 1868 MiB
2022/01/04 15:58:55.770, 0 %, 0 MiB
2022/01/04 15:58:56.783, 15 %, 608 MiB
2022/01/04 15:58:57.797, 4 %, 1098 MiB
2022/01/04 15:58:58.810, 5 %, 1638 MiB
2022/01/04 15:58:59.821, 5 %, 1876 MiB
2022/01/04 15:59:00.832, 5 %, 1876 MiB
2022/01/04 15:59:01.844, 5 %, 1876 MiB
2022/01/04 15:59:02.856, 5 %, 1876 MiB
2022/01/04 15:59:03.868, 5 %, 1876 MiB
2022/01/04 15:59:04.881, 5 %, 1876 MiB
2022/01/04 15:59:05.894, 5 %, 1876 MiB
2022/01/04 15:59:06.907, 5 %, 1876 MiB
2022/01/04 15:59:07.920, 5 %, 1876 MiB
2022/01/04 15:59:08.933, 5 %, 1876 MiB
2022/01/04 15:59:09.946, 0 %, 1868 MiB
2022/01/04 15:59:10.960, 0 %, 0 MiB
2022/01/04 15:59:11.974, 1 %, 428 MiB
2022/01/04 15:59:12.987, 5 %, 988 MiB
2022/01/04 15:59:14.000, 5 %, 1506 MiB
2022/01/04 15:59:15.015, 5 %, 1876 MiB
2022/01/04 15:59:16.028, 5 %, 1876 MiB
2022/01/04 15:59:17.041, 5 %, 1876 MiB
2022/01/04 15:59:18.054, 5 %, 1876 MiB
2022/01/04 15:59:19.068, 5 %, 1876 MiB
2022/01/04 15:59:20.081, 5 %, 1876 MiB
2022/01/04 15:59:21.094, 5 %, 1876 MiB
2022/01/04 15:59:22.107, 5 %, 1876 MiB
2022/01/04 15:59:23.121, 5 %, 1876 MiB
2022/01/04 15:59:24.134, 5 %, 1876 MiB
2022/01/04 15:59:25.147, 5 %, 1876 MiB
2022/01/04 15:59:26.160, 0 %, 0 MiB
2022/01/04 15:59:27.173, 0 %, 0 MiB
2022/01/04 15:59:28.187, 14 %, 828 MiB
2022/01/04 15:59:29.200, 4 %, 1310 MiB
2022/01/04 15:59:30.213, 5 %, 1806 MiB
2022/01/04 15:59:31.226, 5 %, 1876 MiB
2022/01/04 15:59:32.239, 5 %, 1876 MiB
2022/01/04 15:59:33.253, 5 %, 1876 MiB
2022/01/04 15:59:34.266, 4 %, 1876 MiB
2022/01/04 15:59:35.279, 5 %, 1876 MiB
2022/01/04 15:59:36.292, 5 %, 1876 MiB
2022/01/04 15:59:37.305, 5 %, 1876 MiB
2022/01/04 15:59:38.318, 5 %, 1876 MiB
2022/01/04 15:59:39.331, 5 %, 1876 MiB
2022/01/04 15:59:40.344, 5 %, 1876 MiB
2022/01/04 15:59:41.357, 0 %, 1868 MiB
2022/01/04 15:59:42.434, 0 %, 0 MiB
2022/01/04 15:59:43.448, 8 %, 628 MiB
2022/01/04 15:59:44.461, 4 %, 1106 MiB
2022/01/04 15:59:45.475, 5 %, 1644 MiB
2022/01/04 15:59:46.488, 5 %, 1876 MiB
2022/01/04 15:59:47.501, 5 %, 1876 MiB
2022/01/04 15:59:48.515, 5 %, 1876 MiB
2022/01/04 15:59:49.528, 5 %, 1876 MiB
2022/01/04 15:59:50.541, 5 %, 1876 MiB
2022/01/04 15:59:51.554, 5 %, 1876 MiB
2022/01/04 15:59:52.567, 5 %, 1876 MiB
2022/01/04 15:59:53.580, 5 %, 1876 MiB
2022/01/04 15:59:54.593, 5 %, 1876 MiB
2022/01/04 15:59:55.606, 5 %, 1876 MiB
2022/01/04 15:59:56.645, 0 %, 0 MiB
2022/01/04 15:59:57.659, 0 %, 0 MiB
2022/01/04 15:59:58.673, 5 %, 632 MiB
2022/01/04 15:59:59.686, 5 %, 1156 MiB
2022/01/04 16:00:00.699, 5 %, 1676 MiB
2022/01/04 16:00:01.712, 5 %, 1876 MiB
2022/01/04 16:00:02.726, 5 %, 1876 MiB
2022/01/04 16:00:03.739, 5 %, 1876 MiB
2022/01/04 16:00:04.752, 5 %, 1876 MiB
2022/01/04 16:00:05.765, 5 %, 1876 MiB
2022/01/04 16:00:06.778, 5 %, 1876 MiB
2022/01/04 16:00:07.791, 5 %, 1876 MiB
2022/01/04 16:00:08.804, 5 %, 1876 MiB
2022/01/04 16:00:09.817, 5 %, 1876 MiB
2022/01/04 16:00:10.830, 5 %, 1876 MiB
2022/01/04 16:00:11.844, 5 %, 1876 MiB
2022/01/04 16:00:12.858, 0 %, 0 MiB
2022/01/04 16:00:13.872, 0 %, 22 MiB
2022/01/04 16:00:14.886, 7 %, 1010 MiB
2022/01/04 16:00:15.900, 4 %, 1516 MiB
2022/01/04 16:00:16.913, 3 %, 1876 MiB
2022/01/04 16:00:17.926, 5 %, 1876 MiB
2022/01/04 16:00:18.940, 5 %, 1876 MiB
2022/01/04 16:00:19.953, 5 %, 1876 MiB
2022/01/04 16:00:20.966, 5 %, 1876 MiB
2022/01/04 16:00:21.979, 5 %, 1876 MiB
2022/01/04 16:00:22.992, 5 %, 1876 MiB
2022/01/04 16:00:24.005, 5 %, 1876 MiB
2022/01/04 16:00:25.018, 5 %, 1876 MiB
2022/01/04 16:00:26.031, 5 %, 1876 MiB
2022/01/04 16:00:27.044, 5 %, 1876 MiB
2022/01/04 16:00:28.057, 0 %, 0 MiB
2022/01/04 16:00:29.102, 0 %, 0 MiB
2022/01/04 16:00:30.115, 4 %, 966 MiB
2022/01/04 16:00:31.132, 6 %, 1452 MiB
2022/01/04 16:00:32.146, 4 %, 1876 MiB
2022/01/04 16:00:33.158, 5 %, 1876 MiB
2022/01/04 16:00:34.170, 5 %, 1876 MiB
2022/01/04 16:00:35.184, 5 %, 1876 MiB
2022/01/04 16:00:36.200, 5 %, 1876 MiB
2022/01/04 16:00:37.214, 5 %, 1876 MiB
2022/01/04 16:00:38.263, 5 %, 1876 MiB
2022/01/04 16:00:39.282, 5 %, 1876 MiB
2022/01/04 16:00:40.295, 5 %, 1876 MiB
2022/01/04 16:00:41.308, 5 %, 1876 MiB
2022/01/04 16:00:42.321, 5 %, 1876 MiB
2022/01/04 16:00:43.335, 48 %, 0 MiB
2022/01/04 16:00:44.348, 0 %, 0 MiB
2022/01/04 16:00:45.361, 5 %, 800 MiB
2022/01/04 16:00:46.374, 4 %, 1304 MiB
2022/01/04 16:00:47.387, 4 %, 1816 MiB
2022/01/04 16:00:48.401, 5 %, 1876 MiB
2022/01/04 16:00:49.414, 5 %, 1876 MiB
2022/01/04 16:00:50.430, 5 %, 1876 MiB
2022/01/04 16:00:51.443, 5 %, 1876 MiB
2022/01/04 16:00:52.456, 5 %, 1876 MiB
2022/01/04 16:00:53.470, 5 %, 1876 MiB
2022/01/04 16:00:54.482, 5 %, 1876 MiB
2022/01/04 16:00:55.496, 5 %, 1876 MiB
2022/01/04 16:00:56.509, 5 %, 1876 MiB
2022/01/04 16:00:57.523, 5 %, 1876 MiB
2022/01/04 16:00:58.536, 26 %, 0 MiB
2022/01/04 16:00:59.549, 0 %, 0 MiB
2022/01/04 16:01:00.562, 4 %, 658 MiB
2022/01/04 16:01:01.576, 6 %, 1198 MiB
2022/01/04 16:01:02.589, 4 %, 1674 MiB
2022/01/04 16:01:03.602, 5 %, 1876 MiB
2022/01/04 16:01:04.615, 5 %, 1876 MiB
2022/01/04 16:01:05.628, 5 %, 1876 MiB
2022/01/04 16:01:06.642, 5 %, 1876 MiB
2022/01/04 16:01:07.655, 5 %, 1876 MiB
2022/01/04 16:01:08.668, 5 %, 1876 MiB
2022/01/04 16:01:09.681, 5 %, 1876 MiB
2022/01/04 16:01:10.694, 5 %, 1876 MiB
2022/01/04 16:01:11.707, 5 %, 1876 MiB
2022/01/04 16:01:12.721, 5 %, 1876 MiB
2022/01/04 16:01:13.734, 1 %, 1868 MiB
2022/01/04 16:01:14.748, 0 %, 0 MiB
2022/01/04 16:01:15.761, 11 %, 626 MiB
2022/01/04 16:01:16.775, 4 %, 1138 MiB
2022/01/04 16:01:17.788, 5 %, 1630 MiB
2022/01/04 16:01:18.799, 4 %, 1876 MiB
2022/01/04 16:01:19.812, 5 %, 1876 MiB
2022/01/04 16:01:20.832, 5 %, 1876 MiB
2022/01/04 16:01:21.844, 5 %, 1876 MiB
2022/01/04 16:01:22.857, 5 %, 1876 MiB
2022/01/04 16:01:23.870, 5 %, 1876 MiB
2022/01/04 16:01:24.883, 5 %, 1876 MiB
2022/01/04 16:01:25.896, 5 %, 1876 MiB
2022/01/04 16:01:26.908, 5 %, 1876 MiB
2022/01/04 16:01:27.921, 5 %, 1876 MiB
2022/01/04 16:01:28.934, 5 %, 1876 MiB
2022/01/04 16:01:29.954, 0 %, 0 MiB
2022/01/04 16:01:30.969, 0 %, 9 MiB
2022/01/04 16:01:31.982, 5 %, 946 MiB
2022/01/04 16:01:32.995, 5 %, 1468 MiB
2022/01/04 16:01:34.009, 3 %, 1876 MiB
2022/01/04 16:01:35.022, 5 %, 1876 MiB
2022/01/04 16:01:36.042, 5 %, 1876 MiB
2022/01/04 16:01:37.055, 5 %, 1876 MiB
2022/01/04 16:01:38.077, 5 %, 1876 MiB
2022/01/04 16:01:39.090, 5 %, 1876 MiB
2022/01/04 16:01:40.104, 5 %, 1876 MiB
2022/01/04 16:01:41.117, 5 %, 1876 MiB
2022/01/04 16:01:42.132, 5 %, 1876 MiB
2022/01/04 16:01:43.145, 5 %, 1876 MiB
2022/01/04 16:01:44.158, 5 %, 1876 MiB
2022/01/04 16:01:45.171, 49 %, 0 MiB
2022/01/04 16:01:46.207, 0 %, 0 MiB
2022/01/04 16:01:47.220, 5 %, 840 MiB
2022/01/04 16:01:48.233, 16 %, 1368 MiB
2022/01/04 16:01:49.247, 5 %, 1852 MiB
2022/01/04 16:01:50.259, 5 %, 1876 MiB
2022/01/04 16:01:51.273, 5 %, 1876 MiB
2022/01/04 16:01:52.286, 5 %, 1876 MiB
2022/01/04 16:01:53.306, 5 %, 1876 MiB
2022/01/04 16:01:54.545, 5 %, 1876 MiB
2022/01/04 16:01:55.559, 5 %, 1876 MiB
2022/01/04 16:01:56.579, 5 %, 1876 MiB
2022/01/04 16:01:57.616, 5 %, 1876 MiB
2022/01/04 16:01:58.639, 5 %, 1876 MiB
2022/01/04 16:01:59.653, 5 %, 1876 MiB
2022/01/04 16:02:00.666, 0 %, 0 MiB
2022/01/04 16:02:01.681, 0 %, 0 MiB
2022/01/04 16:02:02.701, 7 %, 858 MiB
2022/01/04 16:02:03.719, 5 %, 1400 MiB
2022/01/04 16:02:04.749, 3 %, 1876 MiB
2022/01/04 16:02:05.762, 5 %, 1876 MiB
2022/01/04 16:02:06.780, 5 %, 1876 MiB
2022/01/04 16:02:07.802, 5 %, 1876 MiB
2022/01/04 16:02:08.815, 5 %, 1876 MiB
2022/01/04 16:02:09.828, 5 %, 1876 MiB
2022/01/04 16:02:10.841, 5 %, 1876 MiB
2022/01/04 16:02:11.854, 5 %, 1876 MiB
2022/01/04 16:02:12.867, 5 %, 1876 MiB
2022/01/04 16:02:13.879, 5 %, 1876 MiB
2022/01/04 16:02:14.892, 5 %, 1876 MiB
2022/01/04 16:02:15.906, 49 %, 0 MiB
2022/01/04 16:02:16.919, 0 %, 0 MiB
2022/01/04 16:02:17.932, 4 %, 760 MiB
2022/01/04 16:02:18.946, 4 %, 1246 MiB
2022/01/04 16:02:19.962, 5 %, 1730 MiB
2022/01/04 16:02:20.981, 5 %, 1876 MiB
2022/01/04 16:02:21.993, 5 %, 1876 MiB
2022/01/04 16:02:23.006, 5 %, 1876 MiB
2022/01/04 16:02:24.019, 5 %, 1876 MiB
2022/01/04 16:02:25.032, 5 %, 1876 MiB
2022/01/04 16:02:26.045, 5 %, 1876 MiB
2022/01/04 16:02:27.058, 5 %, 1876 MiB
2022/01/04 16:02:28.072, 5 %, 1876 MiB
2022/01/04 16:02:29.091, 5 %, 1876 MiB
2022/01/04 16:02:30.106, 5 %, 1876 MiB
2022/01/04 16:02:31.119, 0 %, 1868 MiB
2022/01/04 16:02:32.188, 0 %, 0 MiB
2022/01/04 16:02:33.240, 11 %, 590 MiB
2022/01/04 16:02:34.264, 4 %, 1138 MiB
2022/01/04 16:02:35.290, 5 %, 1582 MiB
2022/01/04 16:02:36.304, 4 %, 1876 MiB
2022/01/04 16:02:37.318, 5 %, 1876 MiB
2022/01/04 16:02:38.396, 5 %, 1876 MiB
2022/01/04 16:02:39.409, 5 %, 1876 MiB
2022/01/04 16:02:40.422, 5 %, 1876 MiB
2022/01/04 16:02:41.435, 5 %, 1876 MiB
2022/01/04 16:02:42.448, 5 %, 1876 MiB
2022/01/04 16:02:43.462, 5 %, 1876 MiB
2022/01/04 16:02:44.475, 5 %, 1876 MiB
2022/01/04 16:02:45.488, 5 %, 1876 MiB
2022/01/04 16:02:46.500, 5 %, 1876 MiB
2022/01/04 16:02:47.514, 0 %, 0 MiB
2022/01/04 16:02:48.527, 0 %, 0 MiB
2022/01/04 16:02:49.540, 0 %, 0 MiB
2022/01/04 16:02:50.553, 0 %, 0 MiB
2022/01/04 16:02:51.571, 0 %, 0 MiB
2022/01/04 16:02:52.584, 5 %, 878 MiB
2022/01/04 16:02:53.598, 6 %, 1386 MiB
2022/01/04 16:02:54.611, 4 %, 1856 MiB
2022/01/04 16:02:55.625, 5 %, 1876 MiB
2022/01/04 16:02:56.638, 5 %, 1876 MiB
2022/01/04 16:02:57.651, 5 %, 1876 MiB
2022/01/04 16:02:58.664, 5 %, 1876 MiB
2022/01/04 16:02:59.677, 5 %, 1876 MiB
2022/01/04 16:03:00.962, 5 %, 1876 MiB
2022/01/04 16:03:01.975, 5 %, 1876 MiB
2022/01/04 16:03:02.988, 5 %, 1876 MiB
2022/01/04 16:03:04.029, 5 %, 1876 MiB
2022/01/04 16:03:05.042, 5 %, 1876 MiB
2022/01/04 16:03:06.056, 25 %, 0 MiB
2022/01/04 16:03:07.069, 0 %, 0 MiB
2022/01/04 16:03:08.082, 4 %, 788 MiB
2022/01/04 16:03:09.095, 4 %, 1304 MiB
2022/01/04 16:03:10.109, 4 %, 1794 MiB
2022/01/04 16:03:11.121, 5 %, 1876 MiB
2022/01/04 16:03:12.134, 5 %, 1876 MiB
2022/01/04 16:03:13.146, 5 %, 1876 MiB
2022/01/04 16:03:14.159, 5 %, 1876 MiB
2022/01/04 16:03:15.172, 5 %, 1876 MiB
2022/01/04 16:03:16.186, 5 %, 1876 MiB
2022/01/04 16:03:17.199, 5 %, 1876 MiB
2022/01/04 16:03:18.212, 5 %, 1876 MiB
2022/01/04 16:03:19.225, 5 %, 1876 MiB
2022/01/04 16:03:20.238, 5 %, 1876 MiB
2022/01/04 16:03:21.252, 0 %, 1868 MiB
2022/01/04 16:03:22.265, 0 %, 0 MiB
2022/01/04 16:03:23.279, 15 %, 576 MiB
2022/01/04 16:03:24.292, 5 %, 1092 MiB
2022/01/04 16:03:25.306, 10 %, 1592 MiB
2022/01/04 16:03:26.319, 5 %, 1876 MiB
2022/01/04 16:03:27.333, 5 %, 1876 MiB
2022/01/04 16:03:28.346, 5 %, 1876 MiB
2022/01/04 16:03:29.359, 5 %, 1876 MiB
2022/01/04 16:03:30.372, 5 %, 1876 MiB
2022/01/04 16:03:31.385, 5 %, 1876 MiB
2022/01/04 16:03:32.399, 5 %, 1876 MiB
2022/01/04 16:03:33.411, 5 %, 1876 MiB
2022/01/04 16:03:34.424, 5 %, 1876 MiB
2022/01/04 16:03:35.438, 5 %, 1876 MiB
2022/01/04 16:03:36.451, 5 %, 1876 MiB
2022/01/04 16:03:37.465, 0 %, 0 MiB
2022/01/04 16:03:38.480, 0 %, 24 MiB
2022/01/04 16:03:39.493, 16 %, 1012 MiB
2022/01/04 16:03:40.506, 5 %, 1508 MiB
2022/01/04 16:03:41.520, 3 %, 1876 MiB
2022/01/04 16:03:42.534, 5 %, 1876 MiB
2022/01/04 16:03:43.546, 5 %, 1876 MiB
2022/01/04 16:03:44.559, 5 %, 1876 MiB
2022/01/04 16:03:45.573, 5 %, 1876 MiB
2022/01/04 16:03:46.586, 5 %, 1876 MiB
2022/01/04 16:03:47.599, 5 %, 1876 MiB
2022/01/04 16:03:48.613, 5 %, 1876 MiB
2022/01/04 16:03:49.625, 5 %, 1876 MiB
2022/01/04 16:03:50.639, 5 %, 1876 MiB
2022/01/04 16:03:51.652, 5 %, 1876 MiB
2022/01/04 16:03:52.665, 0 %, 0 MiB
2022/01/04 16:03:53.678, 0 %, 0 MiB
2022/01/04 16:03:54.691, 5 %, 958 MiB
2022/01/04 16:03:55.705, 7 %, 1458 MiB
2022/01/04 16:03:56.718, 3 %, 1876 MiB
2022/01/04 16:03:57.731, 5 %, 1876 MiB
2022/01/04 16:03:58.745, 5 %, 1876 MiB
2022/01/04 16:03:59.758, 5 %, 1876 MiB
2022/01/04 16:04:00.771, 5 %, 1876 MiB
2022/01/04 16:04:01.784, 5 %, 1876 MiB
2022/01/04 16:04:02.798, 5 %, 1876 MiB
2022/01/04 16:04:03.811, 5 %, 1876 MiB
2022/01/04 16:04:04.824, 5 %, 1876 MiB
2022/01/04 16:04:05.837, 5 %, 1876 MiB
2022/01/04 16:04:06.850, 5 %, 1876 MiB
2022/01/04 16:04:07.864, 0 %, 0 MiB
2022/01/04 16:04:08.878, 0 %, 0 MiB
2022/01/04 16:04:09.891, 6 %, 882 MiB
2022/01/04 16:04:10.904, 4 %, 1366 MiB
2022/01/04 16:04:11.917, 5 %, 1854 MiB
2022/01/04 16:04:12.931, 5 %, 1876 MiB
2022/01/04 16:04:13.944, 5 %, 1876 MiB
2022/01/04 16:04:14.957, 5 %, 1876 MiB
2022/01/04 16:04:15.971, 5 %, 1876 MiB
2022/01/04 16:04:16.984, 5 %, 1876 MiB
2022/01/04 16:04:17.997, 5 %, 1876 MiB
2022/01/04 16:04:19.010, 5 %, 1876 MiB
2022/01/04 16:04:20.024, 5 %, 1876 MiB
2022/01/04 16:04:21.037, 5 %, 1876 MiB
2022/01/04 16:04:22.050, 5 %, 1876 MiB
2022/01/04 16:04:23.063, 0 %, 0 MiB
2022/01/04 16:04:24.077, 0 %, 0 MiB
2022/01/04 16:04:25.089, 14 %, 710 MiB
2022/01/04 16:04:26.102, 5 %, 1214 MiB
2022/01/04 16:04:27.116, 5 %, 1712 MiB
2022/01/04 16:04:28.128, 5 %, 1876 MiB
2022/01/04 16:04:29.139, 5 %, 1876 MiB
2022/01/04 16:04:30.153, 5 %, 1876 MiB
2022/01/04 16:04:31.165, 4 %, 1876 MiB
2022/01/04 16:04:32.179, 5 %, 1876 MiB
2022/01/04 16:04:33.192, 5 %, 1876 MiB
2022/01/04 16:04:34.206, 5 %, 1876 MiB
2022/01/04 16:04:35.219, 5 %, 1876 MiB
2022/01/04 16:04:36.232, 5 %, 1876 MiB
2022/01/04 16:04:37.245, 5 %, 1876 MiB
2022/01/04 16:04:38.258, 0 %, 1868 MiB
2022/01/04 16:04:39.271, 0 %, 0 MiB
2022/01/04 16:04:40.284, 11 %, 562 MiB
2022/01/04 16:04:41.298, 4 %, 1088 MiB
2022/01/04 16:04:42.311, 6 %, 1570 MiB
2022/01/04 16:04:43.325, 5 %, 1876 MiB
2022/01/04 16:04:44.338, 5 %, 1876 MiB
2022/01/04 16:04:45.351, 5 %, 1876 MiB
2022/01/04 16:04:46.364, 5 %, 1876 MiB
2022/01/04 16:04:47.377, 5 %, 1876 MiB
2022/01/04 16:04:48.390, 5 %, 1876 MiB
2022/01/04 16:04:49.403, 5 %, 1876 MiB
2022/01/04 16:04:50.416, 5 %, 1876 MiB
2022/01/04 16:04:51.429, 5 %, 1876 MiB
2022/01/04 16:04:53.499, 3 %, 1868 MiB
2022/01/04 16:04:54.513, 0 %, 0 MiB
2022/01/04 16:04:55.526, 3 %, 442 MiB
2022/01/04 16:04:56.539, 15 %, 1042 MiB
2022/01/04 16:04:57.552, 5 %, 1512 MiB
2022/01/04 16:04:58.564, 5 %, 1876 MiB
2022/01/04 16:04:59.576, 5 %, 1876 MiB
2022/01/04 16:05:00.589, 5 %, 1876 MiB
2022/01/04 16:05:01.602, 5 %, 1876 MiB
2022/01/04 16:05:02.615, 5 %, 1876 MiB
2022/01/04 16:05:03.629, 5 %, 1876 MiB
2022/01/04 16:05:04.642, 5 %, 1876 MiB
2022/01/04 16:05:05.655, 5 %, 1876 MiB
2022/01/04 16:05:06.668, 5 %, 1876 MiB
2022/01/04 16:05:07.681, 5 %, 1876 MiB
2022/01/04 16:05:08.694, 5 %, 1876 MiB
2022/01/04 16:05:09.708, 45 %, 0 MiB
2022/01/04 16:05:10.721, 0 %, 0 MiB
2022/01/04 16:05:11.734, 7 %, 716 MiB
2022/01/04 16:05:12.747, 5 %, 1218 MiB
2022/01/04 16:05:13.761, 5 %, 1756 MiB
2022/01/04 16:05:14.774, 5 %, 1876 MiB
2022/01/04 16:05:15.790, 5 %, 1876 MiB
2022/01/04 16:05:16.803, 5 %, 1876 MiB
2022/01/04 16:05:17.817, 4 %, 1876 MiB
2022/01/04 16:05:18.830, 5 %, 1876 MiB
2022/01/04 16:05:19.843, 5 %, 1876 MiB
2022/01/04 16:05:20.856, 5 %, 1876 MiB
2022/01/04 16:05:21.869, 5 %, 1876 MiB
2022/01/04 16:05:22.883, 5 %, 1876 MiB
2022/01/04 16:05:23.895, 5 %, 1876 MiB
2022/01/04 16:05:24.908, 0 %, 1868 MiB
2022/01/04 16:05:25.922, 0 %, 0 MiB
2022/01/04 16:05:26.935, 3 %, 532 MiB
2022/01/04 16:05:27.949, 5 %, 1006 MiB
2022/01/04 16:05:28.962, 5 %, 1550 MiB
2022/01/04 16:05:29.974, 5 %, 1876 MiB
2022/01/04 16:05:30.987, 5 %, 1876 MiB
2022/01/04 16:05:32.000, 5 %, 1876 MiB
2022/01/04 16:05:33.013, 5 %, 1876 MiB
2022/01/04 16:05:34.027, 5 %, 1876 MiB
2022/01/04 16:05:35.040, 5 %, 1876 MiB
2022/01/04 16:05:36.053, 5 %, 1876 MiB
2022/01/04 16:05:37.066, 5 %, 1876 MiB
2022/01/04 16:05:38.081, 5 %, 1876 MiB
2022/01/04 16:05:39.095, 5 %, 1876 MiB
2022/01/04 16:05:40.108, 5 %, 1876 MiB
2022/01/04 16:05:41.121, 0 %, 0 MiB
2022/01/04 16:05:42.135, 0 %, 0 MiB
2022/01/04 16:05:43.149, 4 %, 908 MiB
2022/01/04 16:05:44.162, 5 %, 1408 MiB
2022/01/04 16:05:45.175, 5 %, 1876 MiB
2022/01/04 16:05:46.188, 5 %, 1876 MiB
2022/01/04 16:05:47.202, 5 %, 1876 MiB
2022/01/04 16:05:48.215, 5 %, 1876 MiB
2022/01/04 16:05:49.228, 5 %, 1876 MiB
2022/01/04 16:05:50.241, 5 %, 1876 MiB
2022/01/04 16:05:51.254, 5 %, 1876 MiB
2022/01/04 16:05:52.267, 5 %, 1876 MiB
2022/01/04 16:05:53.281, 5 %, 1876 MiB
2022/01/04 16:05:54.293, 5 %, 1876 MiB
2022/01/04 16:05:55.306, 5 %, 1876 MiB
2022/01/04 16:05:56.320, 28 %, 0 MiB
2022/01/04 16:05:57.333, 0 %, 0 MiB
2022/01/04 16:05:58.346, 7 %, 654 MiB
2022/01/04 16:05:59.359, 5 %, 1158 MiB
2022/01/04 16:06:00.373, 4 %, 1652 MiB
2022/01/04 16:06:01.387, 5 %, 1876 MiB
2022/01/04 16:06:02.400, 5 %, 1876 MiB
2022/01/04 16:06:03.413, 5 %, 1876 MiB
2022/01/04 16:06:04.427, 4 %, 1876 MiB
2022/01/04 16:06:05.440, 5 %, 1876 MiB
2022/01/04 16:06:06.453, 5 %, 1876 MiB
2022/01/04 16:06:07.466, 5 %, 1876 MiB
2022/01/04 16:06:08.480, 5 %, 1876 MiB
2022/01/04 16:06:09.493, 5 %, 1876 MiB
2022/01/04 16:06:10.506, 5 %, 1876 MiB
2022/01/04 16:06:11.519, 4 %, 1868 MiB
2022/01/04 16:06:12.532, 0 %, 0 MiB
2022/01/04 16:06:13.547, 0 %, 24 MiB
2022/01/04 16:06:14.562, 5 %, 1002 MiB
2022/01/04 16:06:15.576, 5 %, 1508 MiB
2022/01/04 16:06:16.589, 3 %, 1876 MiB
2022/01/04 16:06:17.602, 5 %, 1876 MiB
2022/01/04 16:06:18.615, 5 %, 1876 MiB
2022/01/04 16:06:19.629, 5 %, 1876 MiB
2022/01/04 16:06:20.643, 5 %, 1876 MiB
2022/01/04 16:06:21.655, 5 %, 1876 MiB
2022/01/04 16:06:22.669, 5 %, 1876 MiB
2022/01/04 16:06:23.688, 5 %, 1876 MiB
2022/01/04 16:06:24.702, 5 %, 1876 MiB
2022/01/04 16:06:25.715, 5 %, 1876 MiB
2022/01/04 16:06:26.728, 5 %, 1876 MiB
2022/01/04 16:06:27.742, 0 %, 0 MiB
2022/01/04 16:06:28.755, 0 %, 0 MiB
2022/01/04 16:06:29.769, 5 %, 866 MiB
2022/01/04 16:06:30.782, 4 %, 1370 MiB
2022/01/04 16:06:31.796, 5 %, 1816 MiB
2022/01/04 16:06:32.809, 5 %, 1876 MiB
2022/01/04 16:06:33.822, 5 %, 1876 MiB
2022/01/04 16:06:34.835, 5 %, 1876 MiB
2022/01/04 16:06:35.848, 5 %, 1876 MiB
2022/01/04 16:06:36.861, 5 %, 1876 MiB
2022/01/04 16:06:37.874, 5 %, 1876 MiB
2022/01/04 16:06:38.887, 5 %, 1876 MiB
2022/01/04 16:06:39.900, 5 %, 1876 MiB
2022/01/04 16:06:40.913, 5 %, 1876 MiB
2022/01/04 16:06:41.926, 5 %, 1876 MiB
2022/01/04 16:06:42.940, 2 %, 1868 MiB
2022/01/04 16:06:43.953, 0 %, 0 MiB
2022/01/04 16:06:44.966, 2 %, 550 MiB
2022/01/04 16:06:45.980, 6 %, 1038 MiB
2022/01/04 16:06:46.993, 5 %, 1538 MiB
2022/01/04 16:06:48.006, 5 %, 1876 MiB
2022/01/04 16:06:49.018, 5 %, 1876 MiB
2022/01/04 16:06:50.031, 5 %, 1876 MiB
2022/01/04 16:06:51.044, 5 %, 1876 MiB
2022/01/04 16:06:52.057, 5 %, 1876 MiB
2022/01/04 16:06:53.070, 5 %, 1876 MiB
2022/01/04 16:06:54.083, 5 %, 1876 MiB
2022/01/04 16:06:55.096, 5 %, 1876 MiB
2022/01/04 16:06:56.115, 5 %, 1876 MiB
2022/01/04 16:06:57.128, 5 %, 1876 MiB
2022/01/04 16:06:58.141, 2 %, 1868 MiB
2022/01/04 16:06:59.155, 0 %, 0 MiB
2022/01/04 16:07:00.169, 0 %, 0 MiB
2022/01/04 16:07:01.182, 3 %, 510 MiB
2022/01/04 16:07:02.195, 4 %, 1024 MiB
2022/01/04 16:07:03.208, 5 %, 1552 MiB
2022/01/04 16:07:04.222, 5 %, 1876 MiB
2022/01/04 16:07:05.235, 5 %, 1876 MiB
2022/01/04 16:07:06.249, 5 %, 1876 MiB
2022/01/04 16:07:07.263, 5 %, 1876 MiB
2022/01/04 16:07:08.276, 5 %, 1876 MiB
2022/01/04 16:07:09.289, 5 %, 1876 MiB
2022/01/04 16:07:10.301, 5 %, 1876 MiB
2022/01/04 16:07:11.315, 5 %, 1876 MiB
2022/01/04 16:07:12.328, 5 %, 1876 MiB
2022/01/04 16:07:13.341, 5 %, 1876 MiB
2022/01/04 16:07:14.355, 5 %, 1868 MiB
2022/01/04 16:07:15.368, 0 %, 0 MiB
2022/01/04 16:07:16.381, 0 %, 74 MiB
2022/01/04 16:07:17.394, 3 %, 986 MiB
2022/01/04 16:07:18.407, 4 %, 1492 MiB
2022/01/04 16:07:19.421, 4 %, 1876 MiB
2022/01/04 16:07:20.434, 5 %, 1876 MiB
2022/01/04 16:07:21.448, 5 %, 1876 MiB
2022/01/04 16:07:22.461, 5 %, 1876 MiB
2022/01/04 16:07:23.474, 5 %, 1876 MiB
2022/01/04 16:07:24.487, 5 %, 1876 MiB
2022/01/04 16:07:25.500, 5 %, 1876 MiB
2022/01/04 16:07:26.513, 5 %, 1876 MiB
2022/01/04 16:07:27.527, 5 %, 1876 MiB
2022/01/04 16:07:28.540, 5 %, 1876 MiB
2022/01/04 16:07:29.552, 5 %, 1876 MiB
2022/01/04 16:07:30.565, 0 %, 0 MiB
2022/01/04 16:07:31.579, 0 %, 0 MiB
2022/01/04 16:07:32.592, 4 %, 938 MiB
2022/01/04 16:07:33.605, 5 %, 1476 MiB
2022/01/04 16:07:34.619, 5 %, 1876 MiB
2022/01/04 16:07:35.632, 5 %, 1876 MiB
2022/01/04 16:07:36.645, 5 %, 1876 MiB
2022/01/04 16:07:37.658, 5 %, 1876 MiB
2022/01/04 16:07:38.672, 5 %, 1876 MiB
2022/01/04 16:07:39.685, 5 %, 1876 MiB
2022/01/04 16:07:40.698, 5 %, 1876 MiB
2022/01/04 16:07:41.711, 5 %, 1876 MiB
2022/01/04 16:07:42.724, 5 %, 1876 MiB
2022/01/04 16:07:43.737, 5 %, 1876 MiB
2022/01/04 16:07:44.750, 5 %, 1876 MiB
2022/01/04 16:07:45.764, 0 %, 0 MiB
2022/01/04 16:07:46.778, 0 %, 0 MiB
2022/01/04 16:07:47.791, 5 %, 830 MiB
2022/01/04 16:07:48.805, 4 %, 1326 MiB
2022/01/04 16:07:49.819, 9 %, 1854 MiB
2022/01/04 16:07:50.833, 5 %, 1876 MiB
2022/01/04 16:07:51.846, 5 %, 1876 MiB
2022/01/04 16:07:52.860, 5 %, 1876 MiB
2022/01/04 16:07:53.872, 4 %, 1876 MiB
2022/01/04 16:07:54.892, 5 %, 1876 MiB
2022/01/04 16:07:55.905, 5 %, 1876 MiB
2022/01/04 16:07:56.918, 5 %, 1876 MiB
2022/01/04 16:07:57.931, 5 %, 1876 MiB
2022/01/04 16:07:58.944, 5 %, 1876 MiB
2022/01/04 16:07:59.957, 5 %, 1876 MiB
2022/01/04 16:08:00.976, 0 %, 0 MiB
2022/01/04 16:08:01.989, 0 %, 0 MiB
2022/01/04 16:08:03.002, 4 %, 662 MiB
2022/01/04 16:08:04.015, 7 %, 1180 MiB
2022/01/04 16:08:05.028, 4 %, 1708 MiB
2022/01/04 16:08:06.042, 5 %, 1876 MiB
2022/01/04 16:08:07.054, 5 %, 1876 MiB
2022/01/04 16:08:08.067, 5 %, 1876 MiB
2022/01/04 16:08:09.080, 4 %, 1876 MiB
2022/01/04 16:08:10.093, 5 %, 1876 MiB
2022/01/04 16:08:11.106, 5 %, 1876 MiB
2022/01/04 16:08:12.119, 5 %, 1876 MiB
2022/01/04 16:08:13.132, 5 %, 1876 MiB
2022/01/04 16:08:14.145, 5 %, 1876 MiB
2022/01/04 16:08:15.160, 5 %, 1876 MiB
2022/01/04 16:08:16.174, 5 %, 1868 MiB
2022/01/04 16:08:17.187, 0 %, 0 MiB
2022/01/04 16:08:18.201, 0 %, 448 MiB
2022/01/04 16:08:19.214, 5 %, 998 MiB
2022/01/04 16:08:20.227, 5 %, 1526 MiB
2022/01/04 16:08:21.241, 4 %, 1876 MiB
2022/01/04 16:08:22.255, 5 %, 1876 MiB
2022/01/04 16:08:23.268, 5 %, 1876 MiB
2022/01/04 16:08:24.281, 5 %, 1876 MiB
2022/01/04 16:08:25.294, 5 %, 1876 MiB
2022/01/04 16:08:26.307, 5 %, 1876 MiB
2022/01/04 16:08:27.320, 5 %, 1876 MiB
2022/01/04 16:08:28.333, 5 %, 1876 MiB
2022/01/04 16:08:29.346, 5 %, 1876 MiB
2022/01/04 16:08:30.358, 5 %, 1876 MiB
2022/01/04 16:08:31.378, 5 %, 1876 MiB
2022/01/04 16:08:32.391, 0 %, 0 MiB
2022/01/04 16:08:33.405, 0 %, 0 MiB
2022/01/04 16:08:34.419, 5 %, 886 MiB
2022/01/04 16:08:35.433, 5 %, 1388 MiB
2022/01/04 16:08:36.446, 5 %, 1854 MiB
2022/01/04 16:08:37.466, 5 %, 1876 MiB
2022/01/04 16:08:38.479, 5 %, 1876 MiB
2022/01/04 16:08:39.492, 5 %, 1876 MiB
2022/01/04 16:08:40.506, 5 %, 1876 MiB
2022/01/04 16:08:41.519, 5 %, 1876 MiB
2022/01/04 16:08:42.532, 5 %, 1876 MiB
2022/01/04 16:08:43.545, 5 %, 1876 MiB
2022/01/04 16:08:44.564, 5 %, 1876 MiB
2022/01/04 16:08:45.577, 5 %, 1876 MiB
2022/01/04 16:08:46.591, 5 %, 1876 MiB
2022/01/04 16:08:47.604, 29 %, 0 MiB
2022/01/04 16:08:48.617, 0 %, 0 MiB
2022/01/04 16:08:49.630, 5 %, 848 MiB
2022/01/04 16:08:50.644, 4 %, 1328 MiB
2022/01/04 16:08:51.657, 4 %, 1840 MiB
2022/01/04 16:08:52.670, 5 %, 1876 MiB
2022/01/04 16:08:53.683, 5 %, 1876 MiB
2022/01/04 16:08:54.696, 5 %, 1876 MiB
2022/01/04 16:08:55.710, 5 %, 1876 MiB
2022/01/04 16:08:56.723, 5 %, 1876 MiB
2022/01/04 16:08:57.736, 5 %, 1876 MiB
2022/01/04 16:08:58.749, 5 %, 1876 MiB
2022/01/04 16:08:59.762, 5 %, 1876 MiB
2022/01/04 16:09:00.775, 5 %, 1876 MiB
2022/01/04 16:09:01.795, 5 %, 1876 MiB
2022/01/04 16:09:02.809, 35 %, 0 MiB
2022/01/04 16:09:03.822, 0 %, 0 MiB
2022/01/04 16:09:04.835, 3 %, 664 MiB
2022/01/04 16:09:05.848, 4 %, 1164 MiB
2022/01/04 16:09:06.861, 4 %, 1618 MiB
2022/01/04 16:09:07.873, 5 %, 1876 MiB
2022/01/04 16:09:08.884, 5 %, 1876 MiB
2022/01/04 16:09:09.896, 5 %, 1876 MiB
2022/01/04 16:09:10.909, 5 %, 1876 MiB
2022/01/04 16:09:11.922, 5 %, 1876 MiB
2022/01/04 16:09:12.935, 5 %, 1876 MiB
2022/01/04 16:09:13.948, 5 %, 1876 MiB
2022/01/04 16:09:14.961, 5 %, 1876 MiB
2022/01/04 16:09:15.974, 5 %, 1876 MiB
2022/01/04 16:09:16.987, 5 %, 1876 MiB
2022/01/04 16:09:18.000, 5 %, 1876 MiB
2022/01/04 16:09:19.013, 13 %, 0 MiB
2022/01/04 16:09:20.027, 0 %, 0 MiB
2022/01/04 16:09:21.040, 4 %, 780 MiB
2022/01/04 16:09:22.054, 4 %, 1260 MiB
2022/01/04 16:09:23.067, 4 %, 1798 MiB
2022/01/04 16:09:24.080, 5 %, 1876 MiB
2022/01/04 16:09:25.093, 5 %, 1876 MiB
2022/01/04 16:09:26.106, 5 %, 1876 MiB
2022/01/04 16:09:27.119, 4 %, 1876 MiB
2022/01/04 16:09:28.133, 5 %, 1876 MiB
2022/01/04 16:09:29.146, 5 %, 1876 MiB
2022/01/04 16:09:30.159, 5 %, 1876 MiB
2022/01/04 16:09:31.173, 5 %, 1876 MiB
2022/01/04 16:09:32.186, 5 %, 1876 MiB
2022/01/04 16:09:33.199, 5 %, 1876 MiB
2022/01/04 16:09:34.212, 0 %, 0 MiB
2022/01/04 16:09:35.225, 0 %, 0 MiB
2022/01/04 16:09:36.239, 5 %, 824 MiB
2022/01/04 16:09:37.252, 5 %, 1376 MiB
2022/01/04 16:09:38.265, 4 %, 1856 MiB
2022/01/04 16:09:39.279, 5 %, 1876 MiB
2022/01/04 16:09:40.293, 5 %, 1876 MiB
2022/01/04 16:09:41.313, 5 %, 1876 MiB
2022/01/04 16:09:42.326, 5 %, 1876 MiB
2022/01/04 16:09:43.339, 5 %, 1876 MiB
2022/01/04 16:09:44.352, 5 %, 1876 MiB
2022/01/04 16:09:45.366, 5 %, 1876 MiB
2022/01/04 16:09:46.379, 5 %, 1876 MiB
2022/01/04 16:09:47.392, 5 %, 1876 MiB
2022/01/04 16:09:48.405, 5 %, 1876 MiB
2022/01/04 16:09:49.418, 1 %, 0 MiB
2022/01/04 16:09:50.431, 0 %, 0 MiB
2022/01/04 16:09:51.445, 4 %, 688 MiB
2022/01/04 16:09:52.458, 6 %, 1182 MiB
2022/01/04 16:09:53.471, 4 %, 1724 MiB
2022/01/04 16:09:54.484, 5 %, 1876 MiB
2022/01/04 16:09:55.497, 5 %, 1876 MiB
2022/01/04 16:09:56.510, 5 %, 1876 MiB
2022/01/04 16:09:57.523, 5 %, 1876 MiB
2022/01/04 16:09:58.537, 5 %, 1876 MiB
2022/01/04 16:09:59.550, 5 %, 1876 MiB
2022/01/04 16:10:00.563, 5 %, 1876 MiB
2022/01/04 16:10:01.576, 5 %, 1876 MiB
2022/01/04 16:10:02.589, 5 %, 1876 MiB
2022/01/04 16:10:03.603, 5 %, 1876 MiB
2022/01/04 16:10:04.617, 1 %, 1868 MiB
2022/01/04 16:10:05.631, 0 %, 0 MiB
2022/01/04 16:10:06.645, 4 %, 636 MiB
2022/01/04 16:10:07.658, 5 %, 1104 MiB
2022/01/04 16:10:08.671, 4 %, 1618 MiB
2022/01/04 16:10:09.685, 5 %, 1876 MiB
2022/01/04 16:10:10.698, 5 %, 1876 MiB
2022/01/04 16:10:11.711, 5 %, 1876 MiB
2022/01/04 16:10:12.724, 5 %, 1876 MiB
2022/01/04 16:10:13.737, 5 %, 1876 MiB
2022/01/04 16:10:14.750, 5 %, 1876 MiB
2022/01/04 16:10:15.763, 5 %, 1876 MiB
2022/01/04 16:10:16.776, 5 %, 1876 MiB
2022/01/04 16:10:17.789, 5 %, 1876 MiB
2022/01/04 16:10:18.802, 5 %, 1876 MiB
2022/01/04 16:10:19.815, 0 %, 1868 MiB
2022/01/04 16:10:20.830, 0 %, 0 MiB
2022/01/04 16:10:21.844, 14 %, 608 MiB
2022/01/04 16:10:22.857, 15 %, 1144 MiB
2022/01/04 16:10:23.871, 4 %, 1642 MiB
2022/01/04 16:10:24.884, 5 %, 1876 MiB
2022/01/04 16:10:25.897, 5 %, 1876 MiB
2022/01/04 16:10:26.910, 5 %, 1876 MiB
2022/01/04 16:10:27.923, 5 %, 1876 MiB
2022/01/04 16:10:28.936, 5 %, 1876 MiB
2022/01/04 16:10:29.950, 5 %, 1876 MiB
2022/01/04 16:10:30.962, 5 %, 1876 MiB
2022/01/04 16:10:31.975, 5 %, 1876 MiB
2022/01/04 16:10:32.989, 5 %, 1876 MiB
2022/01/04 16:10:34.002, 5 %, 1876 MiB
2022/01/04 16:10:35.015, 5 %, 1868 MiB
2022/01/04 16:10:36.029, 0 %, 0 MiB
2022/01/04 16:10:37.042, 3 %, 426 MiB
2022/01/04 16:10:38.056, 15 %, 1014 MiB
2022/01/04 16:10:39.069, 4 %, 1520 MiB
2022/01/04 16:10:40.082, 5 %, 1876 MiB
2022/01/04 16:10:41.095, 5 %, 1876 MiB
2022/01/04 16:10:42.108, 5 %, 1876 MiB
2022/01/04 16:10:43.122, 5 %, 1876 MiB
2022/01/04 16:10:44.135, 5 %, 1876 MiB
2022/01/04 16:10:45.149, 5 %, 1876 MiB
2022/01/04 16:10:46.166, 5 %, 1876 MiB
2022/01/04 16:10:47.179, 5 %, 1876 MiB
2022/01/04 16:10:48.192, 5 %, 1876 MiB
2022/01/04 16:10:49.205, 5 %, 1876 MiB
2022/01/04 16:10:50.218, 5 %, 1876 MiB
2022/01/04 16:10:51.232, 0 %, 0 MiB
2022/01/04 16:10:52.245, 0 %, 0 MiB
2022/01/04 16:10:53.258, 4 %, 896 MiB
2022/01/04 16:10:54.271, 4 %, 1380 MiB
2022/01/04 16:10:55.285, 4 %, 1846 MiB
2022/01/04 16:10:56.297, 5 %, 1876 MiB
2022/01/04 16:10:57.308, 5 %, 1876 MiB
2022/01/04 16:10:58.321, 5 %, 1876 MiB
2022/01/04 16:10:59.334, 5 %, 1876 MiB
2022/01/04 16:11:00.347, 5 %, 1876 MiB
2022/01/04 16:11:01.360, 5 %, 1876 MiB
2022/01/04 16:11:02.373, 5 %, 1876 MiB
2022/01/04 16:11:03.386, 5 %, 1876 MiB
2022/01/04 16:11:04.399, 5 %, 1876 MiB
2022/01/04 16:11:05.413, 5 %, 1876 MiB
2022/01/04 16:11:06.449, 14 %, 0 MiB
2022/01/04 16:11:07.486, 0 %, 0 MiB
2022/01/04 16:11:08.500, 0 %, 0 MiB
2022/01/04 16:11:09.514, 14 %, 588 MiB
2022/01/04 16:11:10.527, 4 %, 1138 MiB
2022/01/04 16:11:11.540, 4 %, 1624 MiB
2022/01/04 16:11:12.553, 5 %, 1876 MiB
2022/01/04 16:11:13.567, 5 %, 1876 MiB
2022/01/04 16:11:14.580, 5 %, 1876 MiB
2022/01/04 16:11:15.593, 5 %, 1876 MiB
2022/01/04 16:11:16.606, 5 %, 1876 MiB
2022/01/04 16:11:17.619, 5 %, 1876 MiB
2022/01/04 16:11:18.632, 5 %, 1876 MiB
2022/01/04 16:11:19.645, 5 %, 1876 MiB
2022/01/04 16:11:20.659, 5 %, 1876 MiB
2022/01/04 16:11:21.672, 5 %, 1876 MiB
2022/01/04 16:11:22.685, 5 %, 1868 MiB
2022/01/04 16:11:23.699, 0 %, 0 MiB
2022/01/04 16:11:24.718, 0 %, 20 MiB
2022/01/04 16:11:25.731, 4 %, 936 MiB
2022/01/04 16:11:26.748, 6 %, 1482 MiB
2022/01/04 16:11:27.761, 4 %, 1876 MiB
2022/01/04 16:11:28.775, 5 %, 1876 MiB
2022/01/04 16:11:29.788, 5 %, 1876 MiB
2022/01/04 16:11:30.802, 5 %, 1876 MiB
2022/01/04 16:11:31.815, 5 %, 1876 MiB
2022/01/04 16:11:32.828, 5 %, 1876 MiB
2022/01/04 16:11:33.841, 5 %, 1876 MiB
2022/01/04 16:11:34.854, 5 %, 1876 MiB
2022/01/04 16:11:35.867, 5 %, 1876 MiB
2022/01/04 16:11:36.880, 5 %, 1876 MiB
2022/01/04 16:11:37.900, 5 %, 1876 MiB
2022/01/04 16:11:38.913, 0 %, 0 MiB
2022/01/04 16:11:39.926, 0 %, 0 MiB
2022/01/04 16:11:40.939, 6 %, 854 MiB
2022/01/04 16:11:41.953, 14 %, 1354 MiB
2022/01/04 16:11:42.966, 5 %, 1812 MiB
2022/01/04 16:11:43.982, 5 %, 1876 MiB
2022/01/04 16:11:44.995, 5 %, 1876 MiB
2022/01/04 16:11:46.008, 5 %, 1876 MiB
2022/01/04 16:11:47.021, 5 %, 1876 MiB
2022/01/04 16:11:48.034, 5 %, 1876 MiB
2022/01/04 16:11:49.045, 5 %, 1876 MiB
2022/01/04 16:11:50.058, 5 %, 1876 MiB
2022/01/04 16:11:51.071, 5 %, 1876 MiB
2022/01/04 16:11:52.086, 5 %, 1876 MiB
2022/01/04 16:11:53.099, 5 %, 1876 MiB
2022/01/04 16:11:54.112, 2 %, 1868 MiB
2022/01/04 16:11:55.126, 0 %, 0 MiB
2022/01/04 16:11:56.139, 0 %, 0 MiB
2022/01/04 16:11:57.153, 0 %, 0 MiB
2022/01/04 16:11:58.166, 0 %, 0 MiB
2022/01/04 16:11:59.179, 0 %, 0 MiB
2022/01/04 16:12:00.192, 0 %, 0 MiB
2022/01/04 16:12:01.205, 0 %, 0 MiB
2022/01/04 16:12:02.343, 0 %, 0 MiB
2022/01/04 16:12:03.356, 0 %, 0 MiB
2022/01/04 16:12:04.370, 0 %, 0 MiB
2022/01/04 16:12:05.383, 0 %, 0 MiB
2022/01/04 16:12:06.397, 0 %, 0 MiB
2022/01/04 16:12:07.410, 0 %, 0 MiB
2022/01/04 16:12:08.423, 0 %, 0 MiB
2022/01/04 16:12:09.436, 0 %, 0 MiB
2022/01/04 16:12:10.449, 0 %, 0 MiB
2022/01/04 16:12:11.463, 0 %, 0 MiB
2022/01/04 16:12:12.476, 0 %, 0 MiB
2022/01/04 16:12:13.495, 0 %, 0 MiB
2022/01/04 16:12:14.508, 0 %, 0 MiB
